a_id,newsroom_url,domain
27599,https://clayhiggins.house.gov/category/media/press-releases/,house.gov
20157,https://www.af.mil/news/,af.mil
6950,https://www.ala.org/news/view-all-news,ala.org
15026,https://news.rice.edu/news-releases,rice.edu
21569,https://www.hirono.senate.gov/news/press-releases,senate.gov
23030,https://www.markey.senate.gov/news/press-releases,senate.gov
206,https://www.eeoc.gov/newsroom/search,eeoc.gov
43,https://www.navy.mil/Press-Office/Press-Releases/,navy.mil
34699,https://www.defense.gov/News/Transcripts/,defense.gov
5602,https://www.canada.ca/en/news/advanced-news-search/news-results.html?_=1522088684480&typ=newsreleases&dprtmnt=departmentofforeignaffairstradeanddevelopment&start=&end=,canada.ca
16027,https://www.uneca.org/?q=media-centre,uneca.org
21499,https://meng.house.gov/media-center/press-releases,house.gov
2698,https://www.who.int/news,who.int
27867,https://cei.org/news_releases/,cei.org
24224,https://www.ernst.senate.gov/news/press-releases,senate.gov
21563,https://www.heinrich.senate.gov/newsroom/press-releases,senate.gov
17224,https://teamster.org/category/press-releases/,teamster.org
219,https://www.ftc.gov/news-events/news/press-releases,ftc.gov
23814,https://www.rescue.org/media-center,rescue.org
19286,https://www.bma.org.uk/bma-media-centre,bma.org.uk
543,https://www.cbp.gov/newsroom/media-releases/all,cbp.gov
24233,https://www.capito.senate.gov/news/press-releases,senate.gov
1066,https://halrogers.house.gov/press-releases,house.gov
691,https://www.reed.senate.gov/news/releases,senate.gov
677,https://www.schumer.senate.gov/newsroom/press-releases,senate.gov
20141,https://scripps.com/press-releases/,scripps.com
36151,https://www.crfb.org/press-releases,crfb.org
20319,https://www.mackinac.org/pressroom,mackinac.org
12400,https://www.dgepress.com/abc/releases/,dgepress.com
127,https://www.blm.gov/press-release,blm.gov
17104,https://www.pgpf.org/press-resources/,pgpf.org
24344,https://www.thefire.org/news-archive?_page=1&keywords=&_limit=6&content_type=1543,thefire.org
19546,https://wellcome.org/about-us/media-queries/press-release-archive,wellcome.org
13359,https://www.nfwf.org/media-center/press-releases,nfwf.org
17922,https://nemours.mediaroom.com/news-releases?category=773,mediaroom.com
22481,https://www.asyousow.org/press-releases,asyousow.org
20138,https://www.press.org/newsroom/press-releases,press.org
3016,https://www.aetc.af.mil/News.aspx,af.mil
37694,https://mcgarvey.house.gov/media/press-releases,house.gov
21525,https://vargas.house.gov/media/press-releases,house.gov
18710,https://pen.org/press-releases/,pen.org
23100,https://omrf.org/category/news/,omrf.org
37725,https://salinas.house.gov/media/press-releases,house.gov
15633,https://quigley.house.gov/media-center/press-releases,house.gov
948,https://wassermanschultz.house.gov/news/documentquery.aspx?DocumentTypeID=27,house.gov
22221,https://www.dla.mil/About-DLA/News/Headquarters/Category/11727/,dla.mil
22654,https://acl.gov/news-and-events/announcements,acl.gov
37408,https://www.itic.org/news-events/news-releases,itic.org
35576,https://strickland.house.gov/category/press_release/,house.gov
7844,https://www.brown.edu/news/all,brown.edu
35572,https://salazar.house.gov/media/press-releases,house.gov
30425,https://trahan.house.gov/news/documentquery.aspx?DocumentTypeID=27,house.gov
35517,https://gimenez.house.gov/press-releases,house.gov
35524,https://fitzgerald.house.gov/media/press-releases,house.gov
21522,https://takano.house.gov/newsroom/press-releases,house.gov
1325,https://nadler.house.gov/news/documentquery.aspx?DocumentTypeID=1753,house.gov
6973,https://www.afa.org/newsroom/,afa.org
1079,https://neal.house.gov/category/press-releases/,house.gov
30405,https://fletcher.house.gov/news/documentquery.aspx?DocumentTypeID=27,house.gov
37495,https://aflegal.org/press-releases/,aflegal.org
18767,https://mariodiazbalart.house.gov/,house.gov
21521,https://titus.house.gov/news/documentquery.aspx?DocumentTypeID=27,house.gov
921,https://delauro.house.gov/media-center/press-releases,house.gov
27602,https://bergman.house.gov/news/documentquery.aspx?DocumentTypeID=27,house.gov
21335,https://delbene.house.gov/news/documentquery.aspx?DocumentTypeID=27,house.gov
30444,https://houlahan.house.gov/press/documentquery.aspx?DocumentTypeID=27,house.gov
24230,https://www.rounds.senate.gov/newsroom/press-releases,senate.gov
1363,https://kaptur.house.gov/media-center/press-releases,house.gov
37705,https://vasquez.house.gov/media/press-releases,house.gov
33752,https://mfume.house.gov/media/press-releases,house.gov
37731,https://moran.house.gov/news/,house.gov
37740,https://vanorden.house.gov/media/press-releases,house.gov
9427,https://hankjohnson.house.gov/media-center/press-releases,house.gov
19880,https://www.shaheen.senate.gov/news/press/,senate.gov
632,https://www.collins.senate.gov/newsroom/press-releases,senate.gov
39007,https://www.spaceforce.mil/News/,spaceforce.mil
551,https://www.mycg.uscg.mil/News/,uscg.mil
37304,https://bettermarkets.org/newsroom/?category=press-releases&scroll_to=site-posts-grid,bettermarkets.org
13362,https://www.nwf.org/Home/Latest-News/Press-Releases,nwf.org
7333,https://cor.europa.eu/en/news/all-news-and-press-releases?category=148,europa.eu
27074,https://www.accessnow.org/news-updates/?_post_type=press-release,accessnow.org
255,https://about.usps.com/newsroom/national-releases/,usps.com
431,https://www.marines.mil/News.aspx,marines.mil
33954,https://joint-research-centre.ec.europa.eu/jrc-news-and-updates_en,europa.eu
22921,https://www.afgsc.af.mil/News.aspx,af.mil
26556,https://www.ukri.org/news/,ukri.org
30382,https://harder.house.gov/media/press-releases,house.gov
27626,https://www.vanhollen.senate.gov/news/press-releases,senate.gov
715,https://www.cantwell.senate.gov/news/press-releases,senate.gov
18734,https://www.blumenthal.senate.gov/newsroom/press,senate.gov
9485,https://www.whitehouse.senate.gov/news/release/,senate.gov
24231,https://www.cotton.senate.gov/news/press-releases,senate.gov
6221,https://www.aasa.org/news-media,aasa.org
15392,https://www.commoncause.org/about-us/press/?press_type=press-release,commoncause.org
14466,https://consumerbankers.com/news-and-resources/?category=press-release,consumerbankers.com
13863,https://snmmi.org/Web/News/Default.aspx,snmmi.org
8042,https://www.psu.edu/news/latest-news,psu.edu
23802,https://www.everytown.org/press-type/press-release/,everytown.org
16040,https://press.un.org/en/content/press-release,un.org
7922,https://news.wfu.edu/archive/,wfu.edu
16041,https://www.undp.org/news-centre,undp.org
3410,https://www.afrc.af.mil/News.aspx,af.mil
7121,https://www.nab.org/news/newsReleases.asp,nab.org
17116,https://www.lung.org/media/press-releases,lung.org
20034,https://www.ucsusa.org/about/news/press-releases,ucsusa.org
22037,https://www.asam.org/news#PressReleases,asam.org
14373,https://www.endocrine.org/news-and-advocacy/news-room/press-releases#!?sort=_contentstartdate,endocrine.org
13794,https://www.optica.org/about/newsroom/news_releases/?page=1&pageSize=10,optica.org
13964,https://www.aacr.org/about-the-aacr/newsroom/news-releases/,aacr.org
6930,https://www.aba.com/about-us/press-room/press-releases#sort=%40fcontentdate%20descending,aba.com
14069,https://www.apa.org/news/press/releases/search,apa.org
37180,https://www.freshproduce.com/who-we-are/press-center/,freshproduce.com
35130,https://netchoice.org/category/media-hits-and-press-statements/,netchoice.org
19684,https://www.securityindustry.org/member-resources/newsroom/,securityindustry.org
28292,https://www.bloombergmedia.com/press/,bloombergmedia.com
30335,https://espnpressroom.com/us/press-releases/,espnpressroom.com
23669,https://www.barnesandnobleinc.com/news/,barnesandnobleinc.com
15440,https://www.newberry.edu/news,newberry.edu
23588,https://www.sdfoundation.org/news-events/sdf-news/category/press-releases/,sdfoundation.org
10156,https://usao.edu/news/,usao.edu
30046,https://davidsuzuki.org/media-centre/,davidsuzuki.org
39476,https://www.speaker.gov/category/press-releases/,speaker.gov
37727,https://deluzio.house.gov/media/press-releases,house.gov
33096,https://newsroom.taylorandfrancisgroup.com/press-releases-archive/,taylorandfrancisgroup.com
30658,https://cnnpressroom.blogs.cnn.com/,cnn.com
19870,https://www.nbcuniversal.com/,nbcuniversal.com
702,https://www.cornyn.senate.gov/news/,senate.gov
30435,https://vandrew.house.gov/news/,house.gov
9445,https://adriansmith.house.gov/media/press-releases,house.gov
24173,https://boyle.house.gov/media-center/press-releases,house.gov
35554,https://mace.house.gov/media/press-releases,house.gov
18733,https://www.boozman.senate.gov/public/index.cfm/press-releases,senate.gov
27843,https://europeanjournalists.org/blog/category/news/,europeanjournalists.org
26659,https://healthjournalism.org/topic/general/,healthjournalism.org
6922,https://www.hrw.org/languages?language=en,hrw.org
14979,https://www.iwf.org/category/our-work/press-releases/,iwf.org
15000,https://nwlc.org/press-room/,nwlc.org
15725,https://naacpldf.org/news,naacpldf.org
21561,https://www.kaine.senate.gov/news,senate.gov
23098,https://www.booker.senate.gov/news/press,senate.gov
30469,https://www.cramer.senate.gov/news/press-releases,senate.gov
37819,https://www.gao.gov/reports-testimonies,gao.gov
27605,https://fitzpatrick.house.gov/press-releases,house.gov
24799,https://lahood.house.gov/press-releases,house.gov
35571,https://ross.house.gov/press-releases,house.gov
18750,https://sewell.house.gov/press-releases,house.gov
21564,https://www.fischer.senate.gov/public/index.cfm/press-releases,senate.gov
619,https://www.mcconnell.senate.gov/public/index.cfm/pressreleases,senate.gov
21566,https://www.king.senate.gov/newsroom/press-releases,senate.gov
18746,https://www.lee.senate.gov/press-releases,senate.gov
30470,https://www.rickscott.senate.gov/press-releases,senate.gov
35726,https://www.padilla.senate.gov/newsroom/press-releases/,senate.gov
35708,https://www.marshall.senate.gov/newsroom/press-releases/,senate.gov
35705,https://www.tuberville.senate.gov/newsroom/press-releases/,senate.gov
35727,https://www.warnock.senate.gov/newsroom/press-releases/,senate.gov
37743,https://www.britt.senate.gov/media/press-releases/,senate.gov
24229,https://www.daines.senate.gov/news/press-releases/,senate.gov
19879,https://www.merkley.senate.gov/news/press-releases/,senate.gov
717,https://www.murray.senate.gov/category/press-releases/,senate.gov
35728,https://www.ossoff.senate.gov/press-releases/,senate.gov
37820,https://www.ricketts.senate.gov/media/press-releases/,senate.gov
30473,https://www.rosen.senate.gov/category/press_release/,senate.gov
37744,https://www.schmitt.senate.gov/media/press-releases/,senate.gov
28313,https://www.smith.senate.gov/press-releases/,senate.gov
37749,https://www.welch.senate.gov/category/press-release/,senate.gov
15948,https://www.gillibrand.senate.gov/press-releases/,senate.gov
35707,https://www.hagerty.senate.gov/press-releases/,senate.gov
35706,https://www.hickenlooper.senate.gov/press/,senate.gov
7887,https://news.cornell.edu/archive,cornell.edu
15551,https://mediarelations.gwu.edu/news-announcements,gwu.edu
9423,https://bilirakis.house.gov/media/press-releases,house.gov
1519,https://bobbyscott.house.gov/media-center/press-releases,house.gov
35489,https://boebert.house.gov/media/press-releases,house.gov
20880,https://bonamici.house.gov/media/press-releases,house.gov
15882,https://chu.house.gov/media-center/press-releases,house.gov
1169,https://cleaver.house.gov/media-center/press-releases,house.gov
9463,https://cohen.house.gov/media-center/press-releases,house.gov
37685,https://collins.house.gov/media/press-releases,house.gov
809,https://costa.house.gov/media/press-releases,house.gov
9421,https://courtney.house.gov/media-center/press-releases,house.gov
30397,https://craig.house.gov/media/press-releases,house.gov
37735,https://crockett.house.gov/media/press-releases,house.gov
30394,https://davids.house.gov/media/press-releases,house.gov
30448,https://dustyjohnson.house.gov/media/press-releases,house.gov
27614,https://espaillat.house.gov/media/press-releases,house.gov
35527,https://feenstra.house.gov/media/press-releases,house.gov
37416,https://flood.house.gov/media/press-releases,house.gov
37709,https://goldman.house.gov/media/press-releases,house.gov
27649,https://gonzalez.house.gov/media/press-releases,house.gov
35546,https://hinson.house.gov/media/press-releases,house.gov
1098,https://hoyer.house.gov/media,house.gov
21488,https://hudson.house.gov/media/press-releases,house.gov
37674,https://kamlager-dove.house.gov/media/press-releases,house.gov
37706,https://lalota.house.gov/media/press-releases,house.gov
37713,https://langworthy.house.gov/media/press-releases,house.gov
918,https://larson.house.gov/media-center,house.gov
24210,https://lieu.house.gov/media-center/press-releases,house.gov
37728,https://magaziner.house.gov/media/press-releases,house.gov
35555,https://malliotakis.house.gov/media/press-releases,house.gov
35556,https://mann.house.gov/media/press-releases,house.gov
892,https://matsui.house.gov/media/press-releases,house.gov
38045,https://mcclellan.house.gov/category/press-releases/,house.gov
829,https://mikethompson.house.gov/newsroom/press-releases,house.gov
30468,https://miller.house.gov/media/press-releases,house.gov
24186,https://moolenaar.house.gov/media-center/press-releases,house.gov
24194,https://newhouse.house.gov/media-center/press-releases,house.gov
37693,https://nunn.house.gov/category/news/press-releases/,house.gov
30429,https://omar.house.gov/media/press-releases,house.gov
1249,https://pallone.house.gov/media,house.gov
30434,https://pappas.house.gov/media/press-releases,house.gov
24199,https://radewagen.house.gov/media/press-releases,house.gov
37688,https://ramirez.house.gov/media/press-releases,house.gov
23853,https://robinkelly.house.gov/media-center/press-releases,house.gov
30456,https://roy.house.gov/media/press-releases,house.gov
1036,https://schakowsky.house.gov/media/press-releases,house.gov
37690,https://sorensen.house.gov/media/press-releases,house.gov
36428,https://stansbury.house.gov/media/press-releases,house.gov
27646,https://tenney.house.gov/media/press-releases,house.gov
24187,https://torres.house.gov/media-center/press-releases,house.gov
35551,https://youngkim.house.gov/media/press-releases/,house.gov
925,https://norton.house.gov/media/press-releases,house.gov
21570,https://www.murphy.senate.gov/newsroom/press-releases,senate.gov
21536,https://www.baldwin.senate.gov/news/press-releases,senate.gov
604,https://www.crapo.senate.gov/media/newsreleases,senate.gov
21562,https://www.cruz.senate.gov/newsroom/press-releases,senate.gov
21572,https://www.schatz.senate.gov/news/press-releases,senate.gov
21487,https://huffman.house.gov/media-center/press-releases,house.gov
17884,https://news.wisc.edu/latest-news/,wisc.edu
27644,https://arrington.house.gov/news/documentquery.aspx?DocumentTypeID=27,house.gov
37722,https://brecheen.house.gov/news/documentquery.aspx?DocumentTypeID=27,house.gov
24175,https://buddycarter.house.gov/news/documentquery.aspx?DocumentTypeID=27,house.gov
27637,https://carbajal.house.gov/news/documentquery.aspx?DocumentTypeID=27,house.gov
9424,https://castor.house.gov/news/documentquery.aspx?DocumentTypeID=821,house.gov
24181,https://debbiedingell.house.gov/news/documentquery.aspx?DocumentTypeID=27,house.gov
37676,https://pettersen.house.gov/news/documentquery.aspx?DocumentTypeID=27,house.gov
15912,https://pingree.house.gov/news/,house.gov
1004,https://simpson.house.gov/news/documentquery.aspx?DocumentTypeID=1515,house.gov
15922,https://tonko.house.gov/news/documentquery.aspx?DocumentTypeID=27,house.gov
21523,https://valadao.house.gov/news/documentquery.aspx?DocumentTypeID=27,house.gov
14489,https://wittman.house.gov/newsroom/press-releases,house.gov
18756,https://womack.house.gov/news/documentquery.aspx?DocumentTypeID=2067,house.gov
23549,https://www.consumerfinance.gov/about-us/newsroom/?filter0_categories=press-release,consumerfinance.gov
30414,https://hayes.house.gov/press-releases,house.gov
28735,https://www.hydesmith.senate.gov/newsroom,senate.gov
599,https://www.grassley.senate.gov/news/news-releases,senate.gov
19874,https://www.risch.senate.gov/newsroom/press-releases/,senate.gov
24124,https://democraticwhip.house.gov/newsroom/press-releases,house.gov
21467,https://castro.house.gov/media-center/press-releases,house.gov
30525,https://levin.house.gov/media/press-releases,house.gov
24176,https://watsoncoleman.house.gov/newsroom/press-releases,house.gov
15949,https://www.bennet.senate.gov/news/,senate.gov
27632,https://www.duckworth.senate.gov/news/press-releases,senate.gov
27630,https://www.cortezmasto.senate.gov/news/press-releases/,senate.gov
606,https://www.durbin.senate.gov/newsroom/press-releases,senate.gov
27629,https://www.kennedy.senate.gov/public/media,senate.gov
24228,https://www.lankford.senate.gov/news/press-releases,senate.gov
562,https://www.murkowski.senate.gov/press/press-releases,senate.gov
21633,https://www.scott.senate.gov/media-center/press-releases/,senate.gov
24225,https://www.sullivan.senate.gov/newsroom/press-releases,senate.gov
21567,https://www.warren.senate.gov/newsroom/press-releases/,senate.gov
27628,https://www.young.senate.gov/newsroom/press-releases/,senate.gov
12921,https://www.jbsa.mil/News/News/,jbsa.mil
47,https://www.pacom.mil/Media/News.aspx,pacom.mil
27936,https://www.navsea.navy.mil/Media/News/,navy.mil
23089,https://www.usar.army.mil/News/,army.mil
15911,https://pelosi.house.gov/news,house.gov
30472,https://www.hawley.senate.gov/press-releases,senate.gov
35703,https://www.lujan.senate.gov/newsroom/press-releases/,senate.gov
30475,https://www.blackburn.senate.gov/news/cc8c80c1-d564-4bbb-93a4-f1d772346ae0,senate.gov
18739,https://www.moran.senate.gov/public/index.cfm/newsroom,senate.gov
30378,https://pressley.house.gov/news/,house.gov
24169,https://beyer.house.gov/news/documentquery.aspx?DocumentTypeID=27,house.gov
27616,https://raskin.house.gov/press-releases,house.gov
546,https://www.ice.gov/newsroom,ice.gov
125,https://www.doi.gov/news/archive,doi.gov
432,https://www.dhs.gov/news-releases/press-releases?field_news_type_tid=436,dhs.gov
1,https://www.usda.gov/about-usda/news/press-releases,usda.gov
10,https://www.fsis.usda.gov/recalls,usda.gov
24234,https://www.tillis.senate.gov/press-releases,senate.gov
34781,https://www.c6f.navy.mil/Press-Room/News/,navy.mil
44,https://www.centcom.mil/MEDIA/PRESS-RELEASES/,centcom.mil
7307,https://newsroom.heart.org/search?ct=releases,heart.org
7280,https://www.icba.org/press-releases,icba.org
14197,https://www.agc.org/newsroom,agc.org
24223,https://hill.house.gov/news/documentquery.aspx?DocumentTypeID=27,house.gov
30412,https://stanton.house.gov/press-releases,house.gov
7516,https://www.conference-board.org/press/,conference-board.org
13222,https://www.ustravel.org/news?field_article_type_tid=1#news-anchor,ustravel.org
19685,https://www.nmma.org/press/latest-news,nmma.org
14008,https://www.acponline.org/acp-newsroom/acp-news-releases,acponline.org
20480,https://www.pcrm.org/news/news-releases,pcrm.org
7126,https://naacp.org/media/press-statements,naacp.org
15792,https://www.nclc.org/?s=&_news_types=press-release,nclc.org
27571,https://mochamber.com/news/,mochamber.com
13479,https://cleanpower.org/news/,cleanpower.org
7103,https://www.ama-assn.org/press-center/ama-press-releases,ama-assn.org
24237,https://www.cassidy.senate.gov/newsroom/press-releases,senate.gov
19909,http://pressroom.cancer.org/releases,cancer.org
13467,https://www.trucking.org/news-insights,trucking.org
19881,https://www.wicker.senate.gov/category/press-releases/,senate.gov
6970,https://www.aia-aerospace.org/news/,aia-aerospace.org
14047,https://www.steel.org/news/,steel.org
35569,https://pfluger.house.gov/news/documentquery.aspx?DocumentTypeID=27,house.gov
37741,https://hageman.house.gov/media/press-releases,house.gov
37697,https://james.house.gov/news/,house.gov
1453,https://mccaul.house.gov/media-center/press-releases,house.gov
18818,https://kelly.house.gov/media/press-releases,house.gov
37745,https://www.budd.senate.gov/category/news/press-releases/,senate.gov
18836,https://morgangriffith.house.gov/news/documentquery.aspx?DocumentTypeID=2235,house.gov
37441,https://patryan.house.gov/media/press-releases,house.gov
24207,https://moulton.house.gov/news/press-releases,house.gov
1483,https://cuellar.house.gov/news/documentquery.aspx?DocumentTypeID=1232,house.gov
30395,https://golden.house.gov/media/press-releases,house.gov
30432,https://susielee.house.gov/media/press-releases,house.gov
36969,https://shontelbrown.house.gov/media/press-releases,house.gov
21533,https://bera.house.gov/news/press-releases,house.gov
30390,https://casten.house.gov/media/press-releases,house.gov
1352,https://turner.house.gov/media-center/press-releases,house.gov
1149,https://mccollum.house.gov/media/press-releases,house.gov
24202,https://rouzer.house.gov/news/documentquery.aspx?DocumentTypeID=27,house.gov
30389,https://mcbath.house.gov/category/press-releases/,house.gov
15891,https://guthrie.house.gov/news/,house.gov
14488,https://latta.house.gov/news/documentquery.aspx?DocumentTypeID=1456,house.gov
27597,https://schneider.house.gov/media/press-releases,house.gov
37737,https://balint.house.gov/news/documentquery.aspx?DocumentTypeID=27,house.gov
1557,https://gwenmoore.house.gov/news/documentquery.aspx?DocumentTypeID=27,house.gov
27609,https://krishnamoorthi.house.gov/media/press-releases,house.gov
900,https://degette.house.gov/media-center/press-releases,house.gov
21527,https://wagner.house.gov/media-center/press-releases,house.gov
1479,https://doggett.house.gov/media/press-releases,house.gov
980,https://bishop.house.gov/media-center/press-releases,house.gov
30387,https://crow.house.gov/news/press-releases,house.gov
37703,https://kean.house.gov/media/press-releases,house.gov
15304,https://www.brynmawr.edu/news,brynmawr.edu
14781,https://www.luther.edu/news,luther.edu
15528,https://www.wvwc.edu/news/,wvwc.edu
25120,https://www.ifj.org/media-centre/news/category/press-releases,ifj.org
33803,https://www.georgiapolicy.org/latest/,georgiapolicy.org
20476,https://www.nrtw.org/category/news/,nrtw.org
13456,https://ethanolrfa.org/media-and-news/category/news-releases,ethanolrfa.org
27390,https://prosperousamerica.org/press-releases/,prosperousamerica.org
15813,https://www.jdrf.org/press-releases/,jdrf.org
20668,https://www.christendom.edu/news/,christendom.edu
6932,https://www.aclu.org/press-releases?redirect=about/media,aclu.org
14978,https://www.hrc.org/press-releases,hrc.org
22385,https://www.fightcancer.org/press-room/search,fightcancer.org
14923,https://www.ajc.org/press-releases-and-statements,ajc.org
7853,https://www.colgate.edu/news/stories,colgate.edu
7538,https://defenders.org/newsroom,defenders.org
13451,https://www.mfaalts.org/news-blog/,mfaalts.org
25009,https://www.leasefoundation.org/news/press-releases/,leasefoundation.org
20118,https://www.lcv.org/media-center/,lcv.org
9452,https://clarke.house.gov/media-center/,house.gov
20475,https://norml.org/news/,norml.org
14602,https://www.mema.org/news?market_segment=All&article-type=76&sort_bef_combine=article-date_DESC,mema.org
7291,https://consumerfed.org/press_release/,consumerfed.org
13457,https://www.uschamber.com/work/press,uschamber.com
31489,https://www.defense.gov/News/Newsroom/,defense.gov
15674,https://www.worldbank.org/en/news/all?displayconttype_exact=Press+Release&lang_exact=English&qterm=,worldbank.org
20084,https://www.fanniemae.com/newsroom/fannie-mae-news?topic=all_news_categories,fanniemae.com
1773,https://news.osce.org/news/list?lang=en&item_type=press-release,osce.org
7337,https://www.eib.org/en/press/all/index.htm?q=&sortColumn=startDate&sortDir=desc&pageNumber=0&itemPerPage=10&pageable=true&la=EN&deLa=EN&yearFrom=&orYearFrom=true&yearTo=&orYearTo=true&mediaTypes=news&mediaTypes=pressReleases&orMediaTypes=true&orCountries.region=true&orCountries=true&orSubjects=true&orTags=true,eib.org
14910,https://www.marian.edu/newsroom/index.php,marian.edu
24976,https://hacu.net/category/news/,hacu.net
24315,https://gov.texas.gov/news/category/press-release,texas.gov
30361,https://www.colorado.gov/governor/news,colorado.gov
30358,https://www.flgov.com/eog/news/press?field_year_value=2026&field_month_value=All&field_city_target_id_selective=All&combine=&page=0,flgov.com
3129,https://ag.ny.gov/press-releases,ny.gov
3052,https://oag.ca.gov/media/news,ca.gov
3109,https://www.michigan.gov/ag/News/press-releases,michigan.gov
37932,https://governor.maryland.gov/news/press-releases,maryland.gov
20056,https://www.texasattorneygeneral.gov/news/press_releases,texasattorneygeneral.gov
37778,https://www.mass.gov/orgs/governor-maura-healey-and-lt-governor-kim-driscoll/news,mass.gov
35587,https://governor.mt.gov/Newsroom/NewsReleases,mt.gov
30367,https://www.maine.gov/governor/mills/newsroom,maine.gov
3048,https://arkansasag.gov/news-alerts/news-releases/,arkansasag.gov
3072,https://www.illinoisattorneygeneral.gov/News-Room/,illinoisattorneygeneral.gov
30366,https://www.governor.ks.gov/newsroom/press-releases/,ks.gov
30368,https://www.michigan.gov/whitmer/news/press-releases,michigan.gov
27956,https://governor.iowa.gov/newsroom?title=,iowa.gov
15709,https://www.biologicaldiversity.org/news/press_releases/index.html#,biologicaldiversity.org
3085,https://www.mass.gov/orgs/office-of-the-attorney-general/news,mass.gov
38047,https://www.iowaattorneygeneral.gov/newsroom,iowaattorneygeneral.gov
3064,https://portal.ct.gov/ag/press-releases,ct.gov
30362,https://portal.ct.gov/governor/news/press-releases?language=en_US,ct.gov
3309,https://www.deq.nc.gov/news/press-releases,nc.gov
37826,https://governor.nebraska.gov/press-releases,nebraska.gov
4972,https://iowaagriculture.gov/news,iowaagriculture.gov
18747,https://www.ronjohnson.senate.gov/news/,senate.gov
18711,https://www.spj.org/category/news/,spj.org
3296,https://www.iowadnr.gov/newsroom/news-releases,iowadnr.gov
30617,https://www.apci.org/media/news-releases/,apci.org
35818,https://www.adhrb.org/impact/,adhrb.org
19559,https://www.mercycorps.org/press-room/releases,mercycorps.org
26784,https://oilchange.org/press/,oilchange.org
25775,https://www.jhuapl.edu/news/news-releases,jhuapl.edu
27321,https://www.momsrising.org/newsroom,momsrising.org
7234,https://americansforprosperity.org/category/press-release/,americansforprosperity.org
18113,https://itif.org/publications/press-releases/,itif.org
20510,https://www.semiconductors.org/category/press-releases/,semiconductors.org
20813,https://www.ift.org/press/press-releases,ift.org
17932,https://newsroom.bankofamerica.com/press-releases.html,bankofamerica.com
6002,https://dccc.org/news/,dccc.org
18560,https://press.wbd.com/us/search?search_api_fulltext=&type=media_release,wbd.com
3486,https://ohiodems.org/news/,ohiodems.org
15022,https://cwa-union.org/news-events/press-releases,cwa-union.org
39590,https://www.americascreditunions.org/news-media,americascreditunions.org
37309,https://www.gehealthcare.com/about/newsroom#press-releases,gehealthcare.com
18418,https://pressroom.toyota.com/corporate/latest-news/,toyota.com
19068,https://www.nielsen.com/news-center/,nielsen.com
13174,https://newsroom.hyatt.com/news-releases?o=0,hyatt.com
26655,https://aecom.com/press-releases/,aecom.com
27052,https://www.nice.com/press-releases,nice.com
17907,https://newsroom.mastercard.com/news/press/,mastercard.com
15290,https://www.discoveryeducation.com/news/,discoveryeducation.com
20554,https://www.delloro.com/news/,delloro.com
37205,https://advancedenergyunited.org/press-releases/,advancedenergyunited.org
30251,https://www.yardi.com/news/press-releases/,yardi.com
685,https://www.wyden.senate.gov/news/press-releases,senate.gov
39478,https://amo.house.gov/press-releases,house.gov
27633,https://mikejohnson.house.gov/news/documentquery.aspx?DocumentTypeID=27,house.gov
12019,https://www.barrasso.senate.gov/public/index.cfm/news-releases,senate.gov
40046,https://www.schiff.senate.gov/newsroom/press-releases/,senate.gov
35233,https://www.kelly.senate.gov/newsroom/press-releases/,senate.gov
9468,https://www.klobuchar.senate.gov/public/index.cfm/news-releases,senate.gov
37821,https://www.majorityleader.gov/news/documentquery.aspx?DocumentTypeID=27,majorityleader.gov
70,https://www.dpaa.mil/News-Stories/Our-Stories/,dpaa.mil
37823,https://democraticleader.house.gov/media/press-releases,house.gov
21491,https://jeffries.house.gov/category/press-release/,house.gov
27631,https://www.hassan.senate.gov/news/press-releases,senate.gov
35553,https://fernandez.house.gov/news/,house.gov
27607,https://panetta.house.gov/media/press-releases,house.gov
37716,https://edwards.house.gov/media/press-releases,house.gov
1372,https://cole.house.gov/media-center/press-releases,house.gov
24043,https://norcross.house.gov/press-releases,house.gov
37723,https://hoyle.house.gov/media/press-releases,house.gov
40295,https://cisneros.house.gov/media/press-releases,house.gov
37726,https://summerlee.house.gov/newsroom/press-releases,house.gov
27624,https://jayapal.house.gov/category/news/,house.gov
30992,https://westerncaucus.house.gov/news/documentquery.aspx?DocumentTypeID=27,house.gov
36700,https://www.governor.ny.gov/news,ny.gov
28257,https://www.kirkland.com/insights?type=dbb4c9d1-b36c-4588-b283-e8407fc49c7d&page=1,kirkland.com
7297,https://www.citizen.org/news/type/press/,citizen.org
27892,https://www.goodwinlaw.com/en/search#tab=news-events&f-templatename=News&&sortCriteria=%40datesort%20descending,goodwinlaw.com
32448,https://www.taftlaw.com/news-events/news/,taftlaw.com
21069,https://www.whitecase.com/news/newsroom,whitecase.com
18444,https://www.gtlaw.com/en/news?types=6041ddeb-8400-47fb-9939-e4b8294260a3,gtlaw.com
30846,https://www.paulhastings.com/news,paulhastings.com
27121,https://www.bclplaw.com/en-US/events-insights-news/index.html?nt=news,bclplaw.com
29991,https://www.mwe.com/media/?cat=480,mwe.com
20338,https://www.nyclu.org/press?types=press-release&issues=&dates=&searchTerm=&pageNumber=1,nyclu.org
27833,https://www.americanactionforum.org/press-contact/,americanactionforum.org
37827,https://governor.arkansas.gov/newsroom/?_post_type=news_post,arkansas.gov
22372,https://ourpublicservice.org/know-the-facts/resource-library/press-room,ourpublicservice.org
15366,https://civilrights.org/press/#,civilrights.org
26221,https://www.gibsondunn.com/insights/insights-archive/?_insights_type=firm-news,gibsondunn.com
27558,https://www.reedsmith.com/en/news?page=1&professional=&type=f502ebdf53374c55b7090926f70ba8ce&scroll=495,reedsmith.com
31804,https://www.debevoise.com/news/search,debevoise.com
15834,https://press.fourseasons.com/news-releases/,fourseasons.com
39501,https://www.osba.org/category/news-center/,osba.org
3140,https://www.scag.gov/about-the-office/news/,scag.gov
30685,https://rsf.org/en/news?types%5B%5D=36,rsf.org
33882,https://www.ans.org/news/source-ansnews/,ans.org
17963,https://boeing.mediaroom.com/news-releases-statements,mediaroom.com
18350,https://news.microsoft.com/category/press-releases/,microsoft.com
13264,https://www.entergynewsroom.com/news/,entergynewsroom.com
18598,https://www.mitre.org/news-insights?search_api_fulltext=&field_type%5B321%5D=321&sort_by=field_publish_date#views-exposed-form-news-and-insights-block-1,mitre.org
24944,https://nvidianews.nvidia.com/news?q=&year=&month=&c=21926&from=&to=,nvidia.com
38053,https://ago.vermont.gov/blog/category/press-releases,vermont.gov
3157,https://www.atg.wa.gov/pressrelease.aspx,wa.gov
29509,https://www.nexstar.tv/press-releases/,nexstar.tv
27160,https://www.usnews.com/info/blogs/press-room,usnews.com
20033,https://www.npr.org/series/750003/press-room/,npr.org
20013,https://www.pbs.org/about/about-pbs/blogs/news/,pbs.org
2787,https://www.attorneygeneral.gov/taking-action/,attorneygeneral.gov
40377,https://governor.sd.gov/news/press-releases.aspx,sd.gov
30373,https://oklahoma.gov/governor/newsroom/newsroom.html,oklahoma.gov
37206,https://www.asminternational.org/asm-news/industry/,asminternational.org
35069,https://www.rvia.org/news-insights,rvia.org
23796,https://www.nssf.org/category/press-releases-2/,nssf.org
7310,https://www.peoplefor.org/media-center,peoplefor.org
13840,https://www.semi.org/en/news-media-press/semi-press-releases/press-archive,semi.org
38427,https://www.dav.org/news-media/,dav.org
26448,https://heritageaction.com/press,heritageaction.com
39821,https://groundworkcollaborative.org/in-the-news/,groundworkcollaborative.org
15002,https://www.progressivepolicy.org/our-work/?_work_type=press-release,progressivepolicy.org
32333,https://campaignlegal.org/media-center/all-press-releases,campaignlegal.org
19519,https://www.afge.org/press-releases/,afge.org
7298,http://origin-afscme.bytrilogy.com/press/releases/archive/1,bytrilogy.com
15570,https://www.aft.org/press,aft.org
23369,https://www.biophysics.org/news-room/category/press-releases-2,biophysics.org
3474,https://nvdems.com/category/press/,nvdems.com
15728,https://reproductivefreedomforall.org/news/,reproductivefreedomforall.org
27822,https://governor.sc.gov/news,sc.gov
36795,https://firstliberty.org/category-media/press-releases/,firstliberty.org
18380,https://www.swri.org/newsroom/press-releases,swri.org
14984,https://www.lawyerscommittee.org/newsroom/#press-releases,lawyerscommittee.org
27538,https://sbecouncil.org/category/news/press-releases/,sbecouncil.org
19535,https://newsroom.wcs.org/News-Releases.aspx,wcs.org
28784,https://www.santafe.edu/news-center/news,santafe.edu
9233,https://emilyslist.org/news/?category=press-release,emilyslist.org
17310,https://pcaobus.org/news-events/news-releases,pcaobus.org
26545,https://www.ceres.org/resources/news,ceres.org
13617,https://www.nacubo.org/news,nacubo.org
30364,https://gov.idaho.gov/pressrelease/,idaho.gov
3511,https://vademocrats.org/category/news/,vademocrats.org
31530,https://www.openmarketsinstitute.org/publications?category=Press+Releases,openmarketsinstitute.org
23514,https://pacificlegal.org/press-release/,pacificlegal.org
7324,https://www.wiesenthal.com/about/news/,wiesenthal.com
35446,https://iranhumanrights.org/category/press-releases/,iranhumanrights.org
27131,https://growthenergy.org/category/news/,growthenergy.org
7294,https://peer.org/the-newsroom/press-releases/,peer.org
13376,https://www.wilderness.org/articles?_limit=7&_page=1&keywords=&_sort=date&_order=desc&type=4%2C9,wilderness.org
18645,https://www.apple.com/newsroom/archive/,apple.com
27326,https://www.vhb.com/newsroom/,vhb.com
20682,https://www.parsons.com/newsroom/,parsons.com
15733,https://www.narfe.org/news/,narfe.org
7531,https://unidosus.org/press-releases/,unidosus.org
106,https://www.hhs.gov/press-room/index.html,hhs.gov
17931,https://news.nationwide.com/?h=1&t=news,nationwide.com
8032,https://news.vanderbilt.edu/section/releases/,vanderbilt.edu
15064,https://news.mit.edu/,mit.edu
36343,https://troycarter.house.gov/media/press-releases,house.gov
879,https://issa.house.gov/media/press-releases,house.gov
24093,https://adams.house.gov/media-center/press-releases,house.gov
32515,https://murphy.house.gov/media/press-releases,house.gov
37670,https://ciscomani.house.gov/media/press-releases,house.gov
30464,https://morelle.house.gov/media/press-releases,house.gov
37738,https://kiggans.house.gov/resources/press,house.gov
30433,https://horsford.house.gov/media/press-releases,house.gov
9425,https://buchanan.house.gov/media/,house.gov
21534,https://scottpeters.house.gov/press-releases,house.gov
35568,https://owens.house.gov/resources/press,house.gov
30379,https://neguse.house.gov/media/press-releases,house.gov
37678,https://bean.house.gov/media/press-releases,house.gov
37720,https://maxmiller.house.gov/press,house.gov
27638,https://correa.house.gov/news/press-releases,house.gov
40310,https://goodlander.house.gov/media/press-releases,house.gov
823,https://lofgren.house.gov/media/press-releases,house.gov
37715,https://foushee.house.gov/media/press-releases,house.gov
37686,https://tokuda.house.gov/media,house.gov
18665,https://garamendi.house.gov/category/press-release/,house.gov
838,https://sherman.house.gov/media-center/press-releases,house.gov
37700,https://alford.house.gov/news/,house.gov
30416,https://steube.house.gov/category/press-releases/,house.gov
27932,https://estes.house.gov/news/,house.gov
21461,https://beatty.house.gov/media-center/press-releases,house.gov
1320,https://meeks.house.gov/media/press-releases,house.gov
35561,https://millermeeks.house.gov/media,house.gov
860,https://lindasanchez.house.gov/media-center/press-releases,house.gov
37696,https://scholten.house.gov/media/press-releases,house.gov
30445,https://meuser.house.gov/media/press-releases,house.gov
35493,https://cammack.house.gov/media/press-releases,house.gov
35548,https://sarajacobs.house.gov/news/,house.gov
24166,https://allen.house.gov/news/documentquery.aspx?DocumentTypeID=27,house.gov
37734,https://delacruz.house.gov/news/documentquery.aspx?DocumentTypeID=27,house.gov
37754,https://casar.house.gov/media/press-releases,house.gov
40301,https://fedorchak.house.gov/media/press-releases,house.gov
1548,https://adamsmith.house.gov/news,house.gov
7892,https://nyulangone.org/news/press-releases,nyulangone.org
7846,https://www.cedars-sinai.org/newsroom/?h=1&t=news,cedars-sinai.org
35424,https://www.sentara.com/aboutus/news,sentara.com
25105,https://newsroom.clevelandclinic.org/news-releases,clevelandclinic.org
16756,https://www.foxchase.org/news,foxchase.org
19537,https://newsnetwork.mayoclinic.org/category/news-releases-2/,mayoclinic.org
7750,https://www.dana-farber.org/newsroom/news-releases,dana-farber.org
16758,https://www.roswellpark.org/newsroom/news,roswellpark.org
19536,https://www.stjude.org/media-resources/news-releases.html,stjude.org
40331,https://olszewski.house.gov/media/press-releases,house.gov
37719,https://landsman.house.gov/press,house.gov
27621,https://dunn.house.gov/news/documentquery.aspx?DocumentTypeID=27,house.gov
37682,https://laurellee.house.gov/media/press-releases,house.gov
40146,https://gabeevans.house.gov/media/press-releases,house.gov
13409,https://foster.house.gov/media/press-releases,house.gov
18793,https://walberg.house.gov/media/press-releases,house.gov
37675,https://robertgarcia.house.gov/media/press-releases,house.gov
37704,https://menendez.house.gov/media,house.gov
37714,https://dondavis.house.gov/media/press-releases,house.gov
18791,https://huizenga.house.gov/news/documentquery.aspx?DocumentTypeID=2041,house.gov
27641,https://biggs.house.gov/media/press-releases,house.gov
37702,https://zinke.house.gov/media/press-releases,house.gov
776,https://aderholt.house.gov/?sectionid=20dz1/2iontree=6,house.gov
27642,https://khanna.house.gov/media/press-releases,house.gov
40313,https://harrigan.house.gov/media/press-releases,house.gov
24172,https://bost.house.gov/press-releases,house.gov
35525,https://fischbach.house.gov/press-releases,house.gov
24180,https://desaulnier.house.gov/media-center/press-releases,house.gov
18753,https://schweikert.house.gov/category/congress_press_release/,house.gov
15840,https://himes.house.gov/statements-and-releases/,house.gov
1507,https://algreen.house.gov/media/press-releases,house.gov
40339,https://subramanyam.house.gov/media/press-releases,house.gov
35547,https://jackson.house.gov/news/documentquery.aspx?DocumentTypeID=27,house.gov
40292,https://begich.house.gov/media/press-releases,house.gov
40298,https://dexter.house.gov/media/press-releases,house.gov
34685,https://dean.house.gov/press-releases,house.gov
35519,https://garbarino.house.gov/media/press-releases,house.gov
37698,https://thanedar.house.gov/media/press-releases,house.gov
30380,https://ocasio-cortez.house.gov/media/press-releases,house.gov
18766,https://wilson.house.gov/media/press-releases,house.gov
30418,https://case.house.gov/news/,house.gov
19057,https://newsroom.intel.com/all-news#gs.jyadsk,intel.com
18521,https://newsroom.transunion.com/?_ga=2.150574846.913492522.1549281720-629856441.1549281720,transunion.com
18394,https://www.verizon.com/about/news/news-releases,verizon.com
72,https://www.ed.gov/about/news,ed.gov
2909,https://www.ornl.gov/all-news?f[0]=all_news_news_type%3ANewsReleases,ornl.gov
155,https://www.usmarshals.gov/news-release/press-release,usmarshals.gov
161,https://www.dol.gov/newsroom/releases,dol.gov
166,https://www.transportation.gov/newsroom/press-releases,transportation.gov
207,https://www.epa.gov/newsreleases/search,epa.gov
18545,https://www.jnj.com/media-center,jnj.com
30457,https://sylviagarcia.house.gov/media/press-releases,house.gov
24198,https://plaskett.house.gov/news/documentquery.aspx?documenttypeid=27,house.gov
6535,https://www.newmexico.org/industry/news/category/press-releases/58740cc668188d76a8045774/,newmexico.org
21459,https://barr.house.gov/press-releases,house.gov
1184,https://benniethompson.house.gov/media/press-releases,house.gov
35563,https://blakemoore.house.gov/media/press-releases,house.gov
27643,https://mast.house.gov/press-releases,house.gov
30461,https://steil.house.gov/media/press-releases,house.gov
27608,https://kustoff.house.gov/media/press-releases,house.gov
27598,https://bacon.house.gov/news/documentquery.aspx?DocumentTypeID=27,house.gov
24185,https://palmer.house.gov/media-center/press-releases,house.gov
28308,https://comer.house.gov/press-release,house.gov
28294,https://gomez.house.gov/news/documentquery.aspx?DocumentTypeID=27,house.gov
37732,https://keithself.house.gov/media/press-releases,house.gov
868,https://calvert.house.gov/media/press-releases,house.gov
30527,https://hern.house.gov/news/documentquery.aspx?DocumentTypeID=27,house.gov
37673,https://kevinmullin.house.gov/category/press_release/,house.gov
30460,https://schrier.house.gov/media/press-releases,house.gov
40308,https://gillen.house.gov/media/press-releases,house.gov
35558,https://mcclain.house.gov/press-releases,house.gov
27636,https://smucker.house.gov/media/press-releases,house.gov
30523,https://scanlon.house.gov/news/documentquery.aspx?DocumentTypeID=27,house.gov
37099,https://carey.house.gov/?page_id=659,house.gov
37733,https://luttrell.house.gov/media/press-releases,house.gov
28306,https://barragan.house.gov/category/press-releases/,house.gov
1279,https://velazquez.house.gov/media-center/press-releases,house.gov
21512,http://ruiz.house.gov/media-center/press-releases,house.gov
40300,https://elfreth.house.gov/media/press-releases,house.gov
30419,https://fulcher.house.gov/category/press-releases/,house.gov
35522,https://franklin.house.gov/news/documentquery.aspx?DocumentTypeID=27,house.gov
35488,https://bice.house.gov/media/press-releases,house.gov
40025,https://kennedy.house.gov/news/documentquery.aspx?DocumentTypeID=27,house.gov
24189,https://emmer.house.gov/media-center/press-releases,house.gov
35565,https://nehls.house.gov/media/press-releases,house.gov
30455,https://escobar.house.gov/news/documentquery.aspx?DocumentTypeID=27,house.gov
35809,https://www.economicliberties.us/category/press-release/,economicliberties.us
28042,http://www.buckeyeinstitute.org/resources/press-releases,buckeyeinstitute.org
30371,https://www.governor.state.nm.us/press-releases/,state.nm.us
21100,https://www.sba.gov/articles?keyword=&article_type=134&langcode=en,sba.gov
220,https://www.gsa.gov/about-us/newsroom/news-releases,gsa.gov
208,https://www.exim.gov/news,exim.gov
200,https://media.amtrak.com/posts/,amtrak.com
19947,https://www.fhlb.com/,fhlb.com
22516,https://adriansmith.house.gov/media/columns,house.gov
35562,https://barrymoore.house.gov/media/press-releases,house.gov
18764,https://webster.house.gov/press-releases,house.gov
24218,https://stefanik.house.gov/press-releases,house.gov
21462,https://juliabrownley.house.gov/category/press-releases/,house.gov
21480,https://frankel.house.gov/news/documentquery.aspx?DocumentTypeID=27,house.gov
37710,https://lawler.house.gov/news/documentquery.aspx?DocumentTypeID=27,house.gov
13503,https://scalise.house.gov/media,house.gov
31558,https://www.afca.com/news/,afca.com
37466,https://www.aphis.usda.gov/news/program-updates?page=1&search=,usda.gov
33675,https://ceinternational1892.org/news/?fwp_article_facets=news,ceinternational1892.org
114,https://www.fda.gov/news-events/fda-newsroom/press-announcements,fda.gov
9,https://www.fsa.usda.gov/news-events/news,usda.gov
30743,https://www.iba.sport/news/,iba.sport
13,https://www.nrcs.usda.gov/news?title=&field_publication_type=3&field_nrc=All&field_programs=All&field_states=All,usda.gov
113,https://www.cms.gov/about-cms/contact/newsroom,cms.gov
8776,https://casino.hardrock.com/hollywood/newsroom,hardrock.com
17235,https://www.wilsoncenter.org/insight-analysis?types=314,wilsoncenter.org
1369,https://lucas.house.gov/press,house.gov
18092,https://www.pgamediacenter.com/press-releases,pgamediacenter.com
18788,https://harris.house.gov/media/press-releases,house.gov
37679,https://mills.house.gov/media/press-releases,house.gov
30427,https://stevens.house.gov/media/press-releases,house.gov
37687,https://jonathanjackson.house.gov/media/press-releases,house.gov
35434,https://tiffany.house.gov/media/press-releases,house.gov
39481,https://maloy.house.gov/news/documentquery.aspx?DocumentTypeID=27,house.gov
37668,https://strong.house.gov/media/press-releases,house.gov
40328,https://min.house.gov/media/press-releases,house.gov
40251,https://bynum.house.gov/media/press-releases,house.gov
40312,https://haridopolos.house.gov/media/press-releases,house.gov
18751,https://gosar.house.gov/news/documentquery.aspx?DocumentTypeID=27,house.gov
1494,https://sessions.house.gov/press-releases,house.gov
30430,https://stauber.house.gov/media/press-releases,house.gov
35498,https://clyde.house.gov/news/documentquery.aspx?DocumentTypeID=27,house.gov
40289,https://ansari.house.gov/media/press-releases,house.gov
1537,https://larsen.house.gov/news/documentquery.aspx?DocumentTypeID=27,house.gov
35564,https://mrvan.house.gov/media/press-releases,house.gov
37699,https://ezell.house.gov/news/documentquery.aspx?DocumentTypeID=27,house.gov
13438,https://carson.house.gov/media/press-releases,house.gov
19219,https://thompson.house.gov/media-center/press-releases,house.gov
37695,https://ivey.house.gov/media/press-releases,house.gov
40297,https://crank.house.gov/media/press-releases,house.gov
40306,https://chuygarcia.house.gov/media/press-releases,house.gov
3020,https://www.ramstein.af.mil/News/,af.mil
6976,https://www.annenbergpublicpolicycenter.org/tag/press-releases/,annenbergpublicpolicycenter.org
19326,https://www.apec.org/what-we-achieved/newsroom?year=&keyword=,apec.org
202,https://www.cftc.gov/PressRoom/PressReleases?field_press_release_types_value=General&year=all,cftc.gov
205,https://www.cpsc.gov/Newsroom/News-Releases,cpsc.gov
34790,https://www.spacecom.mil/newsroom/news/,spacecom.mil
35777,https://www.dhs.gov/science-and-technology/newsroom,dhs.gov
212,https://www.fdic.gov/news/press-releases,fdic.gov
7119,https://nam.org/series/press-releases/,nam.org
20811,https://www.acog.org/news/news-releases,acog.org
14052,https://www.nursingworld.org/news/news-releases/?Filter=News+Releases&ResultPage=12&SortBy=Published+Date,nursingworld.org
13730,https://ncpa.org/news-releases,ncpa.org
13661,https://nbaa.org/press-releases/,nbaa.org
7102,https://www.apha.org/news-and-media/news-releases,apha.org
15416,https://www.usmayors.org/category/news/press-room/,usmayors.org
13956,https://www.aap.org/en/news-room/news-releases-from-pediatrics/,aap.org
14548,https://www.franchise.org/category/news-media/ifa-press-releases/,franchise.org
36843,https://www.meaa.org/category/mediaroom/releases/,meaa.org
13999,https://www.aana.com/news-and-resources/?order=&orderby=&term=press-release,aana.com
19978,https://www.alz.org/press,alz.org
16652,https://www.limra.com/en/newsroom/news-releases/,limra.com
17302,https://seia.org/article-type/release/,seia.org
14431,https://www.aga.org/news/news-releases/,aga.org
6968,https://www.adcouncil.org/learn-with-us/press-releases,adcouncil.org
14384,https://bpi.com/document-type/press-releases/,bpi.com
14403,https://www.iii.org/resource-center/newsroom,iii.org
15981,https://www.rila.org/press-room/press-release-list,rila.org
23174,https://www.aamva.org/publications-news/aamva-news,aamva.org
15660,https://www.nga.org/library/?tx_category=press-releases,nga.org
7305,https://www.newsmediaalliance.org/about-us/media-center-2/,newsmediaalliance.org
13648,https://www.nasda.org/news/?_food_systems_nutrition_dropdown=press-release,nasda.org
38450,https://www.aaja.org/category/news-pr-statements/press-release-statements/,aaja.org
13407,https://www.nlc.org/post/category/press-release/,nlc.org
14455,https://apts.org/category/press-releases,apts.org
7203,https://publishers.org/aap-news/,publishers.org
14406,https://www.iab.com/news/,iab.com
7125,https://content.naic.org/newsroom?title=&date=&search_api_fulltext=%22109%22+%22110%22+%22111%22+%22112%22+%22185%22+%22114%22+%22113%22+%221004%22+%22363%22+%22115%22+%22539%22+%22557%22+%22541%22+%22542%22+%22544%22+%22545%22+%22546%22+%22548%22+%22549%,naic.org
15772,https://www.nascus.org/pressroom/,nascus.org
7312,https://www.asce.org/search#sort=%40itemdate%20descending&f:contenttype=[News%20Releases],asce.org
32311,https://www.constangy.com/newsroom/pressroom?do_item_search=1&keyword=&section=5&area=**&industry=**,constangy.com
13612,https://www.naag.org/news-resources/newsroom/,naag.org
248,https://www.sec.gov/newsroom/press-releases,sec.gov
19239,https://iatse.net/publications/?_sft_category=news,iatse.net
20271,https://nrb.org/press-releases/,nrb.org
34783,https://www.army.mil/africa,army.mil
39006,https://www.navy.mil/Press-Office/News-Stories/Term/3087/,navy.mil
182,https://news.va.gov/va-press-room/?redirect=1,va.gov
40311,https://hamadeh.house.gov/media/press-releases,house.gov
35579,https://vanduyne.house.gov/press-releases,house.gov
40336,https://schmidt.house.gov/media/press-releases,house.gov
37692,https://houchin.house.gov/media/press-releases,house.gov
21508,https://pocan.house.gov/media-center/press-releases,house.gov
33276,https://cloud.house.gov/resources/press,house.gov
37701,https://burlison.house.gov/media/press-releases,house.gov
24193,https://grothman.house.gov/news/documentquery.aspx?DocumentTypeID=27,house.gov
35486,https://auchincloss.house.gov/media/press-releases,house.gov
1170,https://graves.house.gov/media/press-releases,house.gov
40321,https://mcbride.house.gov/media/press-releases,house.gov
1034,https://davis.house.gov/media,house.gov
37669,https://crane.house.gov/media/,house.gov
40275,https://rileymoore.house.gov/media/press-releases,house.gov
30459,https://cline.house.gov/news/documentquery.aspx?DocumentTypeID=27,house.gov
18828,https://fleischmann.house.gov/media/press-releases,house.gov
40302,https://fields.house.gov/media/press-releases,house.gov
30421,https://baird.house.gov/news/documentquery.aspx?DocumentTypeID=27,house.gov
40323,https://mcdonaldrivet.house.gov/media/press-releases,house.gov
40283,https://bresnahan.house.gov/media/press-releases,house.gov
40303,https://figures.house.gov/media/press-releases,house.gov
40322,https://mcclaindelaney.house.gov/media/press-releases,house.gov
18772,https://austinscott.house.gov/press-releases,house.gov
30451,https://crenshaw.house.gov/press-releases,house.gov
30522,https://reschenthaler.house.gov/media/press-releases,house.gov
1433,https://clyburn.house.gov/press-releases/,house.gov
27596,https://rutherford.house.gov/media/press-releases,house.gov
40338,https://simon.house.gov/media/press-releases,house.gov
35528,https://fallon.house.gov/news/,house.gov
40304,https://fong.house.gov/media/press-releases,house.gov
40017,https://www.usgs.gov/products/publications/articles,usgs.gov
135,https://www.usgs.gov/news/news-releases/all-news-releases,usgs.gov
2910,https://newsreleases.sandia.gov/,sandia.gov
103,https://www.pnnl.gov/news?news[0]=type%3A23,pnnl.gov
6979,https://www.fcps.edu/news,fcps.edu
218,https://www.federalreserve.gov/newsevents/pressreleases.htm,federalreserve.gov
105,https://www6.slac.stanford.edu/news-and-events/news-center,stanford.edu
2855,https://www.newyorkfed.org/newsevents/news/index.html,newyorkfed.org
34517,https://www.clevelandfed.org/collections/press-releases,clevelandfed.org
23553,https://www.dallasfed.org/news/releases,dallasfed.org
168,https://www.faa.gov/newsroom/press_releases,faa.gov
7242,https://www.gov.uk/search/news-and-communications?organisations[]=ministry-of-defence&parent=ministry-of-defence,www.gov.uk
28153,https://nam.edu/news-and-insights/,nam.edu
29854,https://www.fec.gov/updates/?update_type=fec-record,fec.gov
213,https://www.fec.gov/updates/?update_type=press-release,fec.gov
156,https://www.ojp.gov/news/news-releases,ojp.gov
40411,https://www.news.uscg.mil/Press-Releases/,uscg.mil
20080,https://www.uscis.gov/newsroom/alerts,uscis.gov
40252,https://tran.house.gov/media/press-releases,house.gov
855,https://waters.house.gov/media-center/press-releases,house.gov
40314,https://markharris.house.gov/media/press-releases,house.gov
40340,https://taylor.house.gov/media/press-releases,house.gov
40330,https://morrison.house.gov/media/press-releases,house.gov
30391,https://underwood.house.gov/media/press-releases,house.gov
40305,https://friedman.house.gov/media/press-releases,house.gov
20093,https://www.interpol.int/News-and-Events,interpol.int
22255,https://opecfund.org/media-center/press-releases,opecfund.org
22776,https://www.americanimmigrationcouncil.org/category/press-release/,americanimmigrationcouncil.org
25452,https://www.wgbh.org/foundation/press,wgbh.org
25299,https://ticas.org/type/press-release-statement/,ticas.org
29117,https://ijc.org/en,ijc.org
20939,https://nationalcenter.org/ncppr/tag/press-release/,nationalcenter.org
39625,https://knightcolumbia.org/press/,knightcolumbia.org
4553,https://www.chickasaw.net/News/Press-Releases.aspx,chickasaw.net
36856,https://www.poynter.org/news-releases/,poynter.org
40101,https://www.doj.state.or.us/media/news-media-releases/all-media-releases/,state.or.us
35966,https://www.actorsequity.org/news/PR/,actorsequity.org
3070,https://www.ag.idaho.gov/newsroom/category/press-releases/,idaho.gov
40058,https://ncdoj.gov/newsroom/press-releases/,ncdoj.gov
20911,https://www.atu.org/media/press,atu.org
16545,https://www.goiam.org/press-releases/,goiam.org
39921,https://www.wgaeast.org/press-room/,wgaeast.org
20124,https://nffe.org/nffe-news/press-releases/,nffe.org
19518,https://www.nationalnursesunited.org/press,nationalnursesunited.org
20914,https://www.twu.org/category/press-releases/,twu.org
19517,https://ufw.org/news-and-events/press-releases/,ufw.org
38149,https://www.ecdc.europa.eu/en/search?s=&f%5B0%5D=categories%3A1307,europa.eu
3436,https://www.nato.int/en/news-and-events/articles/news,nato.int
16611,https://www.ifad.org/en/press-releases,ifad.org
19466,https://www.ema.europa.eu/en/news,europa.eu
216,https://www.fmc.gov/articles/,fmc.gov
11389,https://cbc.house.gov/news/documentquery.aspx?DocumentTypeID=27,house.gov
9863,https://www.dems.gov/newsroom/press-releases,dems.gov
35799,https://problemsolverscaucus.house.gov/news/,house.gov
2099,https://www.copyright.gov/newsnet/archive/,copyright.gov
22,https://www.bea.gov/news/current-releases,bea.gov
28,https://www.nist.gov/news-events/news,nist.gov
35,https://www.uspto.gov/about-us/news-updates,uspto.gov
25430,https://www.dowjones.com/press-room/,dowjones.com
20857,https://aboutus.ft.com/press,ft.com
23619,https://www.theatlantic.com/press-releases/,theatlantic.com
16793,https://usw.org/press-releases/,usw.org
21073,https://unric.org/en/,unric.org
34318,https://www.voxmedia.com/press/,voxmedia.com
228,https://ncua.gov/news/press-releases,ncua.gov
21046,https://www.anheuser-busch.com/newsroom,anheuser-busch.com
35134,https://www.turnerconstruction.com/insights,turnerconstruction.com
28588,https://www.emerson.com/en-us/news#section4,emerson.com
26042,https://news.airbnb.com/,airbnb.com
18320,https://www.adtran.com/en/newsroom/press-releases,adtran.com
18009,https://www.ga-asi.com/press-releases,ga-asi.com
35407,https://info.westinghousenuclear.com/news,westinghousenuclear.com
18594,https://www.kbr.com/en/insights-news,kbr.com
36665,https://www.amentum.com/news/,amentum.com
29129,https://www.arcweb.com/press,arcweb.com
19120,https://www.ul.com/news/press-releases,ul.com
18581,https://www.agilent.com/about/newsroom/presrel/,agilent.com
24379,https://www.highmark.com/newsroom/press-releases.html#!search,highmark.com
18468,https://www.rockwellautomation.com/en-us/company/news/press-releases.html,rockwellautomation.com
27224,https://www.53.com/content/fifth-third/en/media-center/press-releases.html,53.com
25852,https://www.salesforce.com/news/news-explorer/?content-type=news,salesforce.com
35863,https://company.g2.com/news,g2.com
25752,https://www.borgwarner.com/newsroom/press-releases,borgwarner.com
24528,https://media.srpnet.com/?h=1&t=news,srpnet.com
12397,https://disneyexperiences.com/disneyworld-press/ln/en/,disneyexperiences.com
32265,https://corporate.wyndhamhotels.com/news-releases/,wyndhamhotels.com
20696,https://www.allstatecorporation.com/newsroom.aspx,allstatecorporation.com
40039,https://press.aboutamazon.com/press-release-archive,aboutamazon.com
18534,https://dxc.com/us/en/newsroom?merger=true,dxc.com
25727,https://www.assurant.com/news-insight/news-releases,assurant.com
28325,https://www.news.conduent.com/news,conduent.com
40327,https://messmer.house.gov/news/documentquery.aspx?DocumentTypeID=27,house.gov
40329,https://timmoore.house.gov/media/press-releases,house.gov
40333,https://pou.house.gov/media/press-releases,house.gov
40335,https://rivas.house.gov/media/press-releases,house.gov
40334,https://randall.house.gov/media/press-releases,house.gov
40316,https://juliejohnson.house.gov/media/press-releases,house.gov
21526,https://veasey.house.gov/media-center/press-releases,house.gov
40293,https://bell.house.gov/media/press-releases,house.gov
40320,https://mannion.house.gov/media/press-releases,house.gov
40342,https://vindman.house.gov/category/press-releases/,house.gov
21072,https://www.ctulocal1.org/press/,ctulocal1.org
17893,https://www.canada.ca/en/news/advanced-news-search/news-results.html?_=1720609581177&dprtmnt=canadianheritage&start=&end=,canada.ca
19742,https://www.toronto.ca/news/,toronto.ca
37156,https://www.aoc.co.uk/news-campaigns-parliament/aoc-newsroom,aoc.co.uk
19643,https://www.gov.uk/search/news-and-communications?organisations%5B%5D=ministry-of-justice&parent=ministry-of-justice,www.gov.uk
19300,https://unison.org.uk/news,unison.org.uk
16180,https://iccwbo.org/news-publications/,iccwbo.org
16868,https://news.cityoflondon.gov.uk/,cityoflondon.gov.uk
23991,https://www.canada.ca/en/news/advanced-news-search/news-results.html?_=1720610225487&dprtmnt=departmentofemploymentandsocialdevelopment&start=&end=,canada.ca
21967,https://www.gov.uk/search/news-and-communications?organisations[]=hm-treasury,www.gov.uk
19584,https://www.canada.ca/en/news/advanced-news-search/news-results.html?_=1528122854119&typ=newsreleases&dprtmnt=departmentnationaldefense&start=&end=,canada.ca
20887,https://www.actu.org.au/media-release/,actu.org.au
16487,https://www.gov.uk/search/news-and-communications?organisations[]=department-for-environment-food-rural-affairs&parent=department-for-environment-food-rural-affairs,www.gov.uk
20295,https://www.aria.com.au/news/,aria.com.au
31418,https://www.rcn.org.uk/news-and-events/press-releases,rcn.org.uk
32474,https://www.asic.gov.au/newsroom#!page=1,asic.gov.au
23997,https://housing-infrastructure.canada.ca/media/index-nr-cp-eng.html,canada.ca
31566,https://www.gov.uk/search/all?organisations[]=prime-ministers-office-10-downing-street&order=updated-newest&parent=prime-ministers-office-10-downing-street,www.gov.uk
39910,https://www.basf.com/us/en/media/news-releases,basf.com
18627,https://www.flir.com/en-asia/news-center/,flir.com
15747,https://publicknowledge.org/news-commentary/?s=&cat=8,publicknowledge.org
31565,https://www.abs.gov.au/media-centre/media-releases,abs.gov.au
33653,https://www.accc.gov.au/news-centre?type=accc_news,accc.gov.au
18393,https://www.verint.com/press-room/?redirect-rule=all_domain_main_redirect_index_htm,verint.com
25891,https://newsroom.mtb.com/press-releases/,mtb.com
27511,https://www.riministreet.com/company/newsroom/,riministreet.com
28443,https://rsmus.com/newsroom.html,rsmus.com
23671,https://www.metlife.com/about-us/newsroom/,metlife.com
26139,https://www.wabteccorp.com/press-releases,wabteccorp.com
34268,https://www.foxcorporation.com/news/press-releases/,foxcorporation.com
33660,https://corporate.exxonmobil.com/news/news-releases,exxonmobil.com
7355,https://www.nfib.com/news/,nfib.com
38353,https://about.ascension.org/news/search,ascension.org
12313,https://thewaltdisneycompany.com/press-releases/,thewaltdisneycompany.com
28365,https://ccianet.org/news/category/press-releases/,ccianet.org
35431,https://www.ebayinc.com/stories/press-room/archive/,ebayinc.com
7011,https://www.comed.com/news/news-releases,comed.com
28591,https://www.f5.com/company/news/press-releases,f5.com
17983,https://newsroom.ibm.com/announcements,ibm.com
14555,https://www.ici.org/ResourceFeed?field_resource_format_target_id%5B3315%5D=3315&field_date_value=&field_date_value_1=,ici.org
20794,https://plc.pearson.com/en-GB/news-and-insights/news,pearson.com
27535,https://www.qorvo.com/newsroom/news,qorvo.com
21398,https://www.savills.us/insight-and-opinion/savills-news.aspx?rc=United-States&p=&f=date&q=&page=1,savills.us
38874,https://www.sonymusic.com/news/#news-content,sonymusic.com
30447,https://timmons.house.gov/news/,house.gov
18789,https://keating.house.gov/media/press-releases,house.gov
37736,https://hunt.house.gov/media/press-releases,house.gov
27053,https://davidson.house.gov/press-releases,house.gov
1207,https://foxx.house.gov/news/documentquery.aspx?DocumentTypeID=2367,house.gov
35574,https://spartz.house.gov/media/press-releases,house.gov
40299,https://downing.house.gov/media/press-releases,house.gov
29685,https://balderson.house.gov/news/documentquery.aspx?DocumentTypeID=27,house.gov
28311,https://trentkelly.house.gov/newsroom/documentquery.aspx?DocumentTypeID=27,house.gov
40343,https://wied.house.gov/media/press-releases,house.gov
15907,https://mcclintock.house.gov/newsroom/press-releases,house.gov
40290,https://barrett.house.gov/media/press-releases,house.gov
27652,https://suozzi.house.gov/media/press-releases,house.gov
21336,https://massie.house.gov/news/documentquery.aspx?DocumentTypeID=2362,house.gov
1089,https://lynch.house.gov/press-releases,house.gov
40294,https://sheribiggs.house.gov/media/press-releases,house.gov
21510,https://perry.house.gov/news/documentquery.aspx?DocumentTypeID=2608,house.gov
18829,https://desjarlais.house.gov/media-center,house.gov
40319,https://liccardo.house.gov/media/press-releases,house.gov
40148,https://mackenzie.house.gov/media/press-releases,house.gov
37729,https://fry.house.gov/news/documentquery.aspx?DocumentTypeID=27,house.gov
21531,https://williams.house.gov/media-center/press-releases,house.gov
18754,https://crawford.house.gov/media/press-releases,house.gov
37684,https://mccormick.house.gov/media/press-releases,house.gov
21530,https://weber.house.gov/news/documentquery.aspx?DocumentTypeID=27,house.gov
40445,https://fine.house.gov/news/documentquery.aspx?DocumentTypeID=27,house.gov
28312,https://norman.house.gov/news/documentquery.aspx?DocumentTypeID=27,house.gov
24165,https://aguilar.house.gov/category/congress_press_release/,house.gov
775,https://mikerogers.house.gov/news/documentquery.aspx?DocumentTypeID=27,house.gov
40317,https://mikekennedy.house.gov/media/press-releases,house.gov
39971,https://rulli.house.gov/category/press-releases/,house.gov
30431,https://guest.house.gov/media/press-releases,house.gov
35560,https://marymiller.house.gov/media/press-releases,house.gov
40291,https://baumgartner.house.gov/category/press-releases/,house.gov
18663,https://stutzman.house.gov/media/press-releases,house.gov
19907,https://amodei.house.gov/news-releases,house.gov
30453,https://gooden.house.gov/press-releases,house.gov
37671,https://kiley.house.gov/press,house.gov
36278,https://letlow.house.gov/media/press-releases,house.gov
30450,https://johnrose.house.gov/media/press-releases,house.gov
40325,https://mcguire.house.gov/media/press-releases,house.gov
30526,https://johnjoyce.house.gov/media/press-releases,house.gov
1492,https://carter.house.gov/news/,house.gov
1429,https://joewilson.house.gov/,house.gov
40444,https://patronis.house.gov/media,house.gov
40337,https://shreve.house.gov/media/press-releases,house.gov
40288,https://hurd.house.gov/media/press-releases,house.gov
35567,https://obernolte.house.gov/media/press-releases,house.gov
1081,https://mcgovern.house.gov/news/,house.gov
37666,https://ellzey.house.gov/press-releases,house.gov
40296,https://conaway.house.gov/media/press-releases,house.gov
40253,https://whitesides.house.gov/category/press-releases/,house.gov
28310,https://evans.house.gov/media/press-releases,house.gov
35544,https://harshbarger.house.gov/media/press-releases,house.gov
27610,https://soto.house.gov/media/press-releases,house.gov
40309,https://craiggoldman.house.gov/media/press-releases,house.gov
35487,https://bentz.house.gov/media/press-releases,house.gov
35530,https://donalds.house.gov/news/documentquery.aspx?DocumentTypeID=27,house.gov
24211,https://westerman.house.gov/media-center/press-releases,house.gov
40315,https://jack.house.gov/media/press-releases,house.gov
24168,https://babin.house.gov/news/documentquery.aspx?DocumentTypeID=27,house.gov
40307,https://gill.house.gov/media/press-releases,house.gov
40318,https://knott.house.gov/media/press-releases,house.gov
40332,https://onder.house.gov/media/press-releases,house.gov
24196,https://loudermilk.house.gov/category/press-releases/,house.gov
37681,https://luna.house.gov/press-releases,house.gov
37730,https://ogles.house.gov/media/press-releases,house.gov
40324,https://mcdowell.house.gov/media/press-releases,house.gov
37822,https://www.majoritywhip.gov/news/documentquery.aspx?DocumentTypeID=27,majoritywhip.gov
7349,https://www.nteu.org/media-center/News%20Releases,nteu.org
15762,https://www.nalc.org/news/nalc-updates,nalc.org
3143,https://www.tn.gov/attorneygeneral/news,tn.gov
6274,https://oag.dc.gov/newsroom,dc.gov
3119,https://ago.nebraska.gov/news,nebraska.gov
3053,https://coag.gov/category/2025/,coag.gov
40467,https://www.curtis.senate.gov/media/,senate.gov
40470,https://www.kim.senate.gov/press-releases/,senate.gov
9616,https://www.montanademocrats.org/news/,montanademocrats.org
40473,https://www.slotkin.senate.gov/category/press-releases/,senate.gov
32369,https://ipa.org.au/publications-ipa/media-releases,ipa.org.au
34659,https://www.aflcmc.af.mil/News/,af.mil
3430,https://www.dsca.mil/press-media/major-arms-sales,dsca.mil
3445,https://idahodems.org/news-and-articles/,idahodems.org
12923,https://www.pacaf.af.mil/News.aspx,af.mil
24583,https://dha.mil/News,dha.mil
30047,https://ecojustice.ca/blog/?filter_by=press,ecojustice.ca
33676,https://www.icj.org/news-and-advocacy/,icj.org
5632,https://www.canada.ca/en/news/advanced-news-search/news-results.html?_=&dprtmnt=departmentofindustry&start=&end=,canada.ca
21758,https://www.pahouse.com/NewsCenter,pahouse.com
39895,https://www.pnnl.gov/news?news[0]=type%3A994,pnnl.gov
40254,https://www.moreno.senate.gov/media/press-releases/,senate.gov
40070,https://governor.nc.gov/news/press-releases,nc.gov
39614,https://www.templehealth.org/about/news,templehealth.org
15561,https://www.aspeninstitute.org/about/press-center/,aspeninstitute.org
23082,https://www.army.mil/armymedicine,army.mil
12246,https://www.dcma.mil/News/,dcma.mil
20927,https://www.mvp.usace.army.mil/Media/News-Releases/,army.mil
22852,https://www.fincen.gov/news/press-releases,fincen.gov
37756,https://azgovernor.gov/news-releases,azgovernor.gov
32077,https://www.airuniversity.af.edu/News/,af.edu
7890,https://www.mountsinai.org/about/newsroom/news,mountsinai.org
24519,https://theciaa.com/archives.aspx,theciaa.com
20516,https://news.sanfordhealth.org/news-releases/,sanfordhealth.org
37779,https://apps.oregon.gov/oregon-newsroom/or/Posts/Search?org=GOV,oregon.gov
35751,https://news.nm.org/?h=1,nm.org
39588,https://fop.net/category/press-releases/,fop.net
40375,https://governor.wv.gov/allnews/all,wv.gov
12254,https://www.dcsa.mil/About-Us/News/,dcsa.mil
30043,https://news.ochsner.org/news-releases/,ochsner.org
33921,https://www.chop.edu/newsroom/search?f[0]=newsroom_news_type%3Apress_releases,chop.edu
12260,https://www.dcaa.mil/Agency-News/,dcaa.mil
54,https://www.darpa.mil/news,darpa.mil
25164,https://www.cnic.navy.mil/News/,navy.mil
2365,https://www.cdfifund.gov/news,cdfifund.gov
33581,https://www.afpc.af.mil/News/,af.mil
23813,https://www.icc-cpi.int/news?f[0]=document_type%3A68,icc-cpi.int
3459,https://mddems.org/news/,mddems.org
16244,https://www.justice.gov/usao-mdfl/pr,justice.gov
21195,https://www.nrl.navy.mil/Media/News/,navy.mil
27745,https://governor.vermont.gov/press_releases,vermont.gov
3627,https://www.wpafb.af.mil/news/,af.mil
21197,https://www.nesdis.noaa.gov/news-events/search-news,noaa.gov
16268,https://www.justice.gov/usao-ma/pr,justice.gov
37388,https://www.baptistonline.org/news/?h=1#,baptistonline.org
16305,https://www.justice.gov/usao-sdtx/pr,justice.gov
40382,https://governor.mo.gov/media/press-releases,mo.gov
16283,https://www.justice.gov/usao-sdny/pr,justice.gov
15407,https://capac.house.gov/press-releases,house.gov
16243,https://www.justice.gov/usao-dc/pr,justice.gov
20081,https://www.dni.gov/index.php/newsroom/press-releases/press-releases-2026,dni.gov
40276,https://governor.wa.gov/news/news-releases,wa.gov
21958,https://www.gov.uk/search/all?parent=cabinet-office&content_purpose_supergroup[]=news_and_communications&organisations[]=cabinet-office&order=updated-newest,www.gov.uk
24618,https://www.canada.ca/en/news/advanced-news-search/news-results.html?_=1720610103330&dprtmnt=departmentoftheenvironment&start=&end=,canada.ca
5603,https://www.canada.ca/en/news/advanced-news-search/news-results.html?_=1720610938396&dprtmnt=agricultureagrifood&start=&end=,canada.ca
21965,https://www.gov.uk/search/news-and-communications?organisations[]=department-for-education&parent=department-for-education,www.gov.uk
18359,https://www.publicsafety.gc.ca/cnt/nws/nws-rlss/index-en.aspx,publicsafety.gc.ca
19405,https://www.canada.ca/en/department-finance/news.html,canada.ca
19585,https://www.canada.ca/en/news/advanced-news-search/news-results.html?_=1570534043505&typ=newsreleases&dprtmnt=economicdevelopmentquebecregions&start=&end=,canada.ca
23990,https://www.canada.ca/en/news/advanced-news-search/news-results.html?_=1720609779601&dprtmnt=parkscanada&start=&end=,canada.ca
19587,https://www.canada.ca/en/news/advanced-news-search/news-results.html?_=1720610310726&dprtmnt=departmentofhealth&start=&end=,canada.ca
27075,https://www.gov.uk/search/news-and-communications?keywords=&organisations%5B%5D=competition-and-markets-authority,www.gov.uk
28151,https://www.london.gov.uk/who-we-are/what-london-assembly-does/london-assembly-press-releases,london.gov.uk
32469,https://www.apra.gov.au/news-and-publications,apra.gov.au
19649,https://www.gov.uk/search/news-and-communications?organisations%5B%5D=department-for-work-pensions&parent=department-for-work-pensions,www.gov.uk
23980,https://www.canada.ca/en/news/advanced-news-search/news-results.html?dprtmnt=canadaborderservicesagency,canada.ca
5624,https://www.canada.ca/en/news/advanced-news-search/news-results.html?_=1720609337525&dprtmnt=departmentjustice&start=&end=,canada.ca
23998,https://www.canada.ca/en/news/advanced-news-search/news-results.html?_=1720610737279&dprtmnt=fisheriesoceans&start=&end=,canada.ca
36620,https://www.nao.org.uk/?s=&post_type=press_release,nao.org.uk
5626,https://www.canada.ca/en/news/advanced-news-search/news-results.html?_=1576239436121&typ=newsreleases&dprtmnt=competitionbureau&start=&end=,canada.ca
2789,https://www.paauditor.gov/news-and-resources/news-releases/,paauditor.gov
16795,https://www.canada.ca/en/news/advanced-news-search/news-results.html?_=1522244673099&typ=newsreleases&dprtmnt=naturalresourcescanada&start=&end=,canada.ca
36618,https://isa.org.jm/news/,isa.org.jm
16623,https://www.olympics.com/ioc/theme-press-releases,olympics.com
23974,https://www.canada.ca/en/news/advanced-news-search/news-results.html?_=1618957516190&dprtmnt=crownindigenousrelationsandnorthernaffairscanada&start=&end=,canada.ca
3081,https://www.ag.state.la.us/News/Page/1,state.la.us
16624,https://www.gov.uk/search/news-and-communications?organisations%5B%5D=foreign-commonwealth-development-office&parent=foreign-commonwealth-development-office,www.gov.uk
38052,https://governorreeves.ms.gov/newsroom/,ms.gov
33647,https://www.eex.com/en/newsroom/news?tx_news_pi1[overwriteDemand][categories]=110&cHash=603dafb9670cda45bb731ad86d93178d,eex.com
38751,https://www.propublica.org/press-releases/,propublica.org
2483,https://www.doe.virginia.gov/about-vdoe/communications/news-releases,virginia.gov
40050,https://www.governor.nd.gov/news,nd.gov
27920,https://governor.alabama.gov/newsroom/category/press-releases/,alabama.gov
3121,https://ag.nv.gov/News/Press_Releases/,nv.gov
23519,https://www.paleycenter.org/press-releases,paleycenter.org
36840,https://wfanet.org/meta-menu/news,wfanet.org
35714,https://governor.utah.gov/news/,utah.gov
37519,https://ltgov.hawaii.gov/category/press-releases/,hawaii.gov
23657,https://www.latinojustice.org/en/press,latinojustice.org
37933,https://www.gov.nv.gov/press-releases/,nv.gov
17111,https://adflegal.org/media/,adflegal.org
21132,https://www.termlimits.com/news/press-releases/,termlimits.com
7299,https://familiesusa.org/press-releases/,familiesusa.org
20464,https://ccrkba.org/news/,ccrkba.org
40250,https://giffords.org/news/press/,giffords.org
40454,https://pestakeholder.org/explore-the-issues/?filter_pesp_type=3&filter_pesp_issue=&filter_fund_manager=&filter_submit_btn=Search,pestakeholder.org
13354,https://friendsoftheearth.uk/latest/press-releases,friendsoftheearth.uk
34173,https://www.insightsassociation.org/News/Industry-News,insightsassociation.org
34355,https://niacouncil.org/category/press-releases/,niacouncil.org
18943,https://www.oxfamamerica.org/press/press-releases/,oxfamamerica.org
33669,https://demandjustice.org/news/?_sft_category=press-release,demandjustice.org
18980,https://www.scripps.edu/news-and-events/,scripps.edu
21873,https://www.whoi.edu/press-room/news-release/,whoi.edu
17118,https://www.greenpeace.org/usa/press-release/,greenpeace.org
21189,https://www.plannedparenthood.org/about-us/newsroom/press-releases,plannedparenthood.org
22027,https://earthworks.org/releases/,earthworks.org
35080,https://foe.org/news/,foe.org
21126,https://www.cspi.org/page/media,cspi.org
28785,https://www.detentionwatchnetwork.org/pressroom,detentionwatchnetwork.org
14997,https://now.org/media-center/press-release/,now.org
36812,https://www.hi-us.org/en/press-office,hi-us.org
17646,https://adc.org/media/press-releases/,adc.org
25150,https://ourfinancialsecurity.org/releases/,ourfinancialsecurity.org
27126,https://americansfortaxfairness.org/category/press-release/,americansfortaxfairness.org
31678,https://www.vera.org/media-center?filter=pressReleases,vera.org
27979,https://www.greenlatinos.org/category/press-releases/?_press_releases_year=2024,greenlatinos.org
40394,https://www.environmentalprotectionnetwork.org/category/press-release/,environmentalprotectionnetwork.org
28015,https://www.eqca.org/category/news/press/,eqca.org
39818,https://amazonwatch.org/type/press-releases,amazonwatch.org
33668,https://www.rightsanddissent.org/news/author/defending-rights-dissent/,rightsanddissent.org
19129,https://www.nsc.org/newsroom?,nsc.org
31466,https://www.technet.org/technet-media/press-releases/,technet.org
23753,https://www.americanenergyalliance.org/category/press-releases/,americanenergyalliance.org
16114,https://www.conservation.org/press-releases,conservation.org
15384,https://riponsociety.org/press-releases/,riponsociety.org
27824,https://www.counterextremism.com/news-and-media/press-releases,counterextremism.com
34507,https://www.mbl.edu/news/search?category[0]=136,mbl.edu
13919,https://thevisioncouncil.org/news-releases,thevisioncouncil.org
14919,https://afj.org/press-news/?article_type%5B%5D=85,afj.org
30834,https://newsroom.cap.org/newslisting?latest-news=news-releases,cap.org
16319,https://refugeesintpro.wpengine.com/the-latest/?_type=statements,wpengine.com
39799,https://secureenergy.org/category/press-releases/,secureenergy.org
39465,https://www.vcuhealth.org/news-center/news-releases/,vcuhealth.org
27834,https://afsc.org/newsroom,afsc.org
23687,https://healthlaw.org/news/,healthlaw.org
23449,https://www.broadinstitute.org/news?field_news_type=Press%20release,broadinstitute.org
36370,https://www.cfra.org/news-releases,cfra.org
35422,https://www.cfdc.org/news/,cfdc.org
30177,https://www.arnoldventures.org/newsroom/type/press-releases,arnoldventures.org
23296,https://www.worldwildlife.org/press-releases,worldwildlife.org
24481,https://www.centerforfoodsafety.org/press-releases,centerforfoodsafety.org
14920,https://retiredamericans.org/category/press-release/,retiredamericans.org
17577,https://carnegiescience.edu/news,carnegiescience.edu
36990,https://cresenergy.com/press-releases/,cresenergy.com
23463,https://www.crnusa.org/newsroom,crnusa.org
21338,https://environmentamerica.org/media-center/,environmentamerica.org
37044,https://www.usagainstalzheimers.org/press-releases,usagainstalzheimers.org
21436,https://www.cnas.org/press?type=press-release,cnas.org
29494,https://communitycatalyst.org/news/,communitycatalyst.org
23408,https://www.prosperitynow.org/news-insights,prosperitynow.org
19566,https://www.churchofengland.org/media/press-releases,churchofengland.org
38400,https://about.grubhub.com/media/newsroom/#!,grubhub.com
16805,https://www.wlf.org/category/communicating/press-releases/,wlf.org
26665,https://www.conservationlands.org/tags/press_release,conservationlands.org
27792,https://www.texaspolicy.com/press,texaspolicy.com
27502,https://www.cbf.org/news/?news_type=press-statement,cbf.org
18330,https://www.calix.com/press-release.html,calix.com
17933,https://www.cvshealth.com/news/press-releases.html#press-release,cvshealth.com
7945,https://today.ucsd.edu/archives,ucsd.edu
8098,https://news.ku.edu/news,ku.edu
7902,https://www.buffalo.edu/news/news-releases.html,buffalo.edu
2898,https://news.fsu.edu/category/news/,fsu.edu
14583,https://www.ou.edu/news,ou.edu
8107,https://www.msstate.edu/newsroom/archive,msstate.edu
7947,https://news.ucsc.edu/archive/,ucsc.edu
7951,https://news.ucr.edu/articles,ucr.edu
7849,https://www.cmich.edu/news/latest?indexCatalogue=cmich-news&page=1&pageSize=10&orderBy=OriginallyPublished+desc&category=&searchQuery=*,cmich.edu
17881,https://newsroom.ucla.edu/releases,ucla.edu
8138,https://tamustories.wpenginepowered.com/news/,wpenginepowered.com
10131,https://newsroom.nmsu.edu/newslisting?global=news,nmsu.edu
24342,https://news.arizona.edu/news-releases,arizona.edu
8148,https://www.uta.edu/news/news-releases,uta.edu
8031,https://www.usu.edu/today/stories/,usu.edu
10129,https://news.unm.edu/news,unm.edu
10297,https://www.kennesaw.edu/news/news-releases/index.php,kennesaw.edu
27091,https://viterbischool.usc.edu/news/,usc.edu
10082,https://news.ohsu.edu/stories,ohsu.edu
3908,https://agrilifetoday.tamu.edu/category/all-news/,tamu.edu
14543,https://www.utsouthwestern.edu/newsroom/articles/,utsouthwestern.edu
8028,https://www.uvahealth.com/search?tab=news-and-videos&topics=News+Releases,uvahealth.com
10249,https://blog.utc.edu/news/,utc.edu
17944,https://www.blackstone.com/news/press/,blackstone.com
40249,https://rdw.com/newsroom/type/press-release/,rdw.com
16629,https://www.americanexpress.com/en-us/newsroom/,americanexpress.com
28406,https://press.foxnews.com/press-releases,foxnews.com
13232,https://www.hvs.com/News/,hvs.com
6432,https://ameren.mediaroom.com/news-releases,mediaroom.com
19069,https://www.comscore.com/Insights/Press-Releases,comscore.com
13932,https://www.aacsb.edu/media-center/news?categories=press-releases,aacsb.edu
21332,https://www.acenet.edu/news-room/Pages/default.aspx?k=((ACETileType:%22Press%20Release%22)),acenet.edu
6225,https://www.nasbe.org/category/press-releases/,nasbe.org
15567,https://aacte.org/news/press-releases/,aacte.org
20793,https://www.sreb.org/news-releases,sreb.org
17329,https://www.pta.org/home/About-National-Parent-Teacher-Association/PTA-Newsroom/news-list,pta.org
6229,https://www.nassp.org/news-releases/,nassp.org
14527,https://www.apsu.edu/news/index.php,apsu.edu
9357,https://newscenter.baruch.cuny.edu/newstype/baruch-news/,cuny.edu
7871,https://www.calpoly.edu/news,calpoly.edu
7864,https://now.humboldt.edu/news,humboldt.edu
7876,https://news.sfsu.edu/,sfsu.edu
9163,https://www.csuohio.edu/news,csuohio.edu
7978,https://www.kean.edu/news/archive,kean.edu
7926,https://www.nccu.edu/news,nccu.edu
14813,https://www.pennwest.edu/about/news/index.php,pennwest.edu
9168,https://www.shawnee.edu/news,shawnee.edu
7950,https://news.ucmerced.edu/news/all,ucmerced.edu
10116,https://news.nau.edu/news/#.XiqTHE8zbIU,nau.edu
8075,https://news.oregonstate.edu/archive,oregonstate.edu
8029,http://www.washington.edu/news/category/news-releases/,washington.edu
36701,https://news.vt.edu/fbri-vtc/articles.html,vt.edu
14563,https://www.wku.edu/news/articles/,wku.edu
14570,https://www.gmu.edu/news/latest,gmu.edu
19162,https://www.unthealth.edu/newsroom/posts.html?,unthealth.edu
9351,https://news.stonybrook.edu/category/newsroom/,stonybrook.edu
35732,https://sph.cuny.edu/news-category/press-releases-and-announcements/,cuny.edu
13716,https://news.mst.edu/category/news/,mst.edu
10299,https://jagwire.augusta.edu/category/news-releases/,augusta.edu
14545,https://www.mdanderson.org/newsroom.html,mdanderson.org
10418,https://www.marshall.edu/news/category/news-releases/,marshall.edu
11763,https://news.wm.edu/latest-news/,wm.edu
8103,https://msutoday.msu.edu/news,msu.edu
7863,https://news.fullerton.edu/all-news/,fullerton.edu
8115,https://www.uab.edu/news/research-innovation,uab.edu
2900,https://www.ucf.edu/news/,ucf.edu
19295,https://www.lawsociety.org.uk/all-news?q=&sortdefinition=date&currentpage=1&datefilteroption=all&contenttype=Press%20release&searchPageId=9ff83781-9e87-4393-b032-854f352bb905,lawsociety.org.uk
19318,https://www.propertycouncil.com.au/news-research/media-centre,propertycouncil.com.au
19293,https://logistics.org.uk/media/press-releases,logistics.org.uk
23434,https://oeuk.org.uk/category/offshore-energies-news/,oeuk.org.uk
40347,https://www.civilsociety.co.uk/news.html,civilsociety.co.uk
17841,https://www.basf.com/global/en/media/news-releases,basf.com
8112,https://www.uidaho.edu/newsroom,uidaho.edu
5248,https://news.illinois.edu/category/research-news/,illinois.edu
32576,https://carlsonschool.umn.edu/news,umn.edu
8001,https://umaine.edu/news/tag/news-releases/,umaine.edu
30839,https://www.hhh.umn.edu/news,umn.edu
14638,https://morris.umn.edu/news-events/news-archive,umn.edu
10060,https://www.umt.edu/news/,umt.edu
8152,https://news.utsa.edu/browse/,utsa.edu
10229,https://www.uwec.edu/about/news,uwec.edu
14646,https://wmich.edu/news/latest,wmich.edu
14539,https://texassouthernnews.com/latest-news/,texassouthernnews.com
14528,https://news.etsu.edu/all-news,etsu.edu
17086,https://www.ncjustice.org/news/,ncjustice.org
18646,https://www.adm-asia.com/en-us/search/?q=+&r=mDvgirbny1Xv3SdCzjIGv4UoqNoSdFMeOWYjmTViBSUmu/V7cyZmXrUU3qq3wAw5&s=qcApGuT%2bpgnc3qLVfrxaPw%3d%3d,adm-asia.com
14114,https://www.hematology.org/Newsroom/Press-Releases.aspx,hematology.org
13242,https://www.aep.com/news/stories/?yearPublished=-1&topic=Press_And_Featured&page=1,aep.com
37140,https://www.circle.com/pressroom,circle.com
28592,https://www.gapinc.com/en-us/news/press-releases,gapinc.com
25818,https://www.northerntrust.com/asia-pac/about-us/media-resources/press-release-archive,northerntrust.com
10155,https://news.uco.edu/,uco.edu
36140,https://www.care.org/media-and-press/?_media_press_type=press-releases,care.org
22343,https://thelibreinitiative.com/category/press-releases/,thelibreinitiative.com
26402,https://immigrantjustice.org/news-events/press-releases/,immigrantjustice.org
28073,https://www.goldwaterinstitute.org/news/,goldwaterinstitute.org
40034,https://www.ids.ac.uk/news-and-opinion/news/,ids.ac.uk
14800,https://news.med.miami.edu/,miami.edu
7906,https://news.uchicago.edu/lateststories,uchicago.edu
15306,https://www.cmu.edu/news//stories,cmu.edu
19144,https://www.bcm.edu/news/news-archive,bcm.edu
20605,https://news.nd.edu/news/archives/2026/,nd.edu
21414,https://www.hopkinsmedicine.org/news/newsroom/news-releases/,hopkinsmedicine.org
35740,https://www.bu.edu/sph/news/articles/,bu.edu
7960,https://medicine.washu.edu/news/type/news-release/,washu.edu
7834,https://www.alfred.edu/about/news/,alfred.edu
15244,https://www.cedarville.edu/news,cedarville.edu
34843,https://sph.emory.edu/news/all-news-stories,emory.edu
7993,https://www.shu.edu/news/archive.html,shu.edu
7895,https://www.rockefeller.edu/news/,rockefeller.edu
15436,https://news.bryant.edu/all-news,bryant.edu
8062,https://www.pennmedicine.org/news/search?path=News&path=Search,pennmedicine.org
14756,https://den.mercer.edu/,mercer.edu
8122,https://news.emory.edu/tags/topic/news_releases/index.html,emory.edu
14867,https://www.olivet.edu/news/,olivet.edu
15196,https://news.niagara.edu/category/recent-news/?date=&type=BasicNewsItem&category=,niagara.edu
8065,https://www.purdue.edu/newsroom/articles/,purdue.edu
10054,https://www.isu.edu/news/campus/,isu.edu
8120,https://miamioh.edu/news/all-news.html,miamioh.edu
10162,https://ualr.edu/news/all-news/,ualr.edu
40242,https://www.lufthansa-technik.com/en/press-releases,lufthansa-technik.com
40149,https://us.mitsubishielectric.com/en/news/releases/global/index.html,mitsubishielectric.com
33380,https://jea.org/recent-news/,jea.org
19296,https://www.museumsassociation.org/museums-journal/news/,museumsassociation.org
30746,https://www.accaglobal.com/gb/en/news.html,accaglobal.com
17754,https://www.science.org.au/news-and-events/news-and-media-releases,science.org.au
19341,https://www.ausbanking.org.au/news/,ausbanking.org.au
22161,https://www.cfib-fcei.ca/en/media,cfib-fcei.ca
36748,https://www.ebu.ch/news?type=1-press-release,ebu.ch
14877,https://www.byui.edu/newsroom/search,byui.edu
37228,https://www.carthage.edu/news-events/all-stories/,carthage.edu
20718,https://catawba.edu/news/all-news/,catawba.edu
7551,https://www.clarku.edu/news/stories/,clarku.edu
7909,https://www.creighton.edu/news,creighton.edu
25390,http://www.dyc.edu/news/,dyc.edu
15310,https://delval.edu/news,delval.edu
22286,https://www.depauw.edu/stories/category/news/,depauw.edu
17662,https://www.lebow.drexel.edu/news/archive,drexel.edu
14790,https://www.flagler.edu/news-events/all-news,flagler.edu
15438,https://www.furman.edu/news/archive,furman.edu
22287,https://www.hampshire.edu/news,hampshire.edu
15180,https://www.hartwick.edu/flightpath_story_categories/news-release/,hartwick.edu
15230,http://www.highpoint.edu/blog/category/press-releases/,highpoint.edu
15187,https://www.lemoyne.edu/news/,lemoyne.edu
15287,https://www.lclark.edu/news/list/,lclark.edu
14855,https://news.luc.edu/stories/?categories=press-releases&pages=1,luc.edu
15327,https://www.marywood.edu/news/,marywood.edu
15065,https://www.mtholyoke.edu/news/news-stories?type=3,mtholyoke.edu
14864,https://www.nuhs.edu/category/news/,nuhs.edu
15236,http://www.pfeiffer.edu/news,pfeiffer.edu
15199,https://www.pratt.edu/news/everything/,pratt.edu
15441,https://www.presby.edu/about/news/,presby.edu
7894,https://news.rpi.edu/,rpi.edu
14735,https://www.samford.edu/news/releases/,samford.edu
22302,https://bluedogs-gluesenkampperez.house.gov/media-center,house.gov
39514,https://haitianbridgealliance.org/press-release/,haitianbridgealliance.org
25391,https://www.gcc.edu/Info/Events-News/News-Releases,gcc.edu
15096,https://wp.stolaf.edu/news/,stolaf.edu
15421,https://www.swarthmore.edu/news-events/stories-swarthmore,swarthmore.edu
14970,https://www.thomas.edu/category/press-release/,thomas.edu
15460,https://www3.tusculum.edu/news/,tusculum.edu
15426,https://www.ursinus.edu/news/news-archive/,ursinus.edu
15114,https://www.uolivet.edu/blog/,uolivet.edu
20616,https://www.pugetsound.edu/stories,pugetsound.edu
35913,https://gould.usc.edu/about/news/,usc.edu
38873,https://rossier.usc.edu/news-insights/news?type=154,usc.edu
15286,https://utulsa.edu/archive/featured/,utulsa.edu
31576,https://www.ballardspahr.com/Insights?Types=%7BB6B04347-0AA7-4A95-A89A-7A9BA111FFAA%7D,ballardspahr.com
30275,https://www.troutman.com/what-we-think/?nt=8335&_insight_content_type=firm-news,troutman.com
26673,http://www.theinvestmentassociation.org/media-centre/press-releases/,theinvestmentassociation.org
17292,https://www.naht.org.uk/News/Latest-comments/Press-room?_gl=1*1x0hl30*_up*MQ..*_ga*Mzc4MTYyNjc0LjE3NDgzMjg5MTg.*_ga_N9LLDHSYC3*czE3NDgzMjg5MTckbzEkZzAkdDE3NDgzMjg5MTckajAkbDAkaDY3ODUwNDQ0NiRkaVdQVkNwMEpYYlNZd3Y3cmtnSF9CWFlxZWVrVWNYbEZjQQ..,naht.org.uk
26207,https://wttc.org/about/news/press-releases,wttc.org
17411,https://www.gla.ac.uk/news/,gla.ac.uk
17475,https://news.uq.edu.au/search,uq.edu.au
17499,https://www.nottingham.ac.uk/news/pressreleases/listing.aspx,nottingham.ac.uk
17730,https://www.surrey.ac.uk/news?field_editorial_type_value[press_release]=press_release&created=All,surrey.ac.uk
37994,https://www.uef.fi/en/news,uef.fi
17362,https://www.bristol.ac.uk/news/,bristol.ac.uk
38905,https://www.tum.de/en/news-and-events/all-news,tum.de
9155,https://today.uconn.edu/archives/,uconn.edu
17458,https://news.liverpool.ac.uk/category/press-release/,liverpool.ac.uk
19734,https://www.hku.hk/press/press-releases/,hku.hk
16090,https://www.mcgill.ca/channels/section/press_releases/channel_news,mcgill.ca
39991,https://www.uab.cat/web/newsroom-1345830290494.html,uab.cat
21056,https://www.um.edu.mo/news-and-press-releases/,um.edu.mo
33479,https://www.helsinki.fi/en/news/news-and-press-releases?tid=All&field_news_item_article_type_tid=3&listing=1,helsinki.fi
28990,https://www.dtu.dk/english/news/all-news,dtu.dk
17727,https://www.southampton.ac.uk/news.page,southampton.ac.uk
17365,https://www.cardiff.ac.uk/news/latest-news,cardiff.ac.uk
17802,https://warwick.ac.uk/news/pressreleases/?start=0&,warwick.ac.uk
17613,https://media.utoronto.ca/,utoronto.ca
31686,https://www.ru.nl/en/about-us/news,ru.nl
17501,https://www.plymouth.ac.uk/news/news,plymouth.ac.uk
17742,https://www.swansea.ac.uk/press-office/news-events/news/,swansea.ac.uk
31544,https://www.wits.ac.za/news/latest-news/research-news/,wits.ac.za
16335,https://news.ku.dk/,ku.dk
17497,https://newsroom.northumbria.ac.uk/?_gl=1*pzd3n6*_ga*MTM0ODc3NzI3NS4xNzA4OTU2MjYw*_ga_GZ3Q7PNF2K*MTcwOTAzNDUzMS4yLjEuMTcwOTAzNDU2NS4yNi4wLjA.,northumbria.ac.uk
39077,https://www.polyu.edu.hk/media/media-releases/,polyu.edu.hk
17435,https://www.curtin.edu.au/news/media-centre/,curtin.edu.au
17487,https://www.lboro.ac.uk/media-centre/press-releases/,lboro.ac.uk
17372,https://www.cdu.edu.au/news,cdu.edu.au
40008,https://www.lr.org/en/knowledge/?currentPage=1&sortBy=1&primaryFilter=19952&setBack=false,lr.org
31616,https://www.uni-wuerzburg.de/en/news-and-events/news/archive/,uni-wuerzburg.de
31760,https://news.rub.de/english/press-releases,rub.de
17369,https://reporter.anu.edu.au/for-media/news-media-releases,anu.edu.au
17374,https://news.csu.edu.au/latest-news,csu.edu.au
17465,https://www.murdoch.edu.au/news/articles,murdoch.edu.au
34034,https://www.arkansastechnews.com/news/,arkansastechnews.com
39904,https://eipr.org/en/press,eipr.org
40244,https://www.eiopa.europa.eu/media/news_en,europa.eu
19009,https://today.marquette.edu/category/campus-life/university-news/,marquette.edu
14575,https://www.radford.edu/news/index.html,radford.edu
28152,https://www.mynewsdesk.com/uu,mynewsdesk.com
14718,https://www.phoenix.edu/media-center/press-release.html,phoenix.edu
8078,https://news.tulane.edu/pr,tulane.edu
7565,https://news.northeastern.edu/category/university-news/,northeastern.edu
15156,https://commonthread.antioch.edu/stories/,antioch.edu
7572,https://www.rwu.edu/news/news-archive,rwu.edu
10165,https://uapbnews.wordpress.com/,wordpress.com
8036,https://news.ucdenver.edu/articles/?sort=desc:date,ucdenver.edu
31876,https://mckinneylaw.iu.edu/news/current.html,iu.edu
4815,https://www.news.iastate.edu/news-releases,iastate.edu
10335,https://www.umgc.edu/news/archives,umgc.edu
7925,https://www.ncat.edu/news/latest/index.php,ncat.edu
9170,https://webapp2.wright.edu/web1/newsroom/category/news/,wright.edu
8060,https://now.temple.edu/news,temple.edu
10217,https://www.sdsmt.edu/News/Releases/,sdsmt.edu
10252,https://utianews.tennessee.edu/institute/news-release/,tennessee.edu
14530,https://www.tntech.edu/news/index.php,tntech.edu
20593,https://www.utmb.edu/news/article/-in-category/categories/utmb-institutional-news/news-releases,utmb.edu
23491,https://www.iom.int/search?keywords=&type%5B%5D=press_release&region_country=&created=All&sort_bef_combine=created_DESC,iom.int
40006,https://www.press.rolls-roycemotorcars.com/rolls-royce-motor-cars-pressclub/article,rolls-roycemotorcars.com
7532,https://www.greenpeace.org/international/posts/?post-type=press-release,greenpeace.org
17588,https://www.sfu.ca/sfunews.html,sfu.ca
35928,https://news.flinders.edu.au/blog/category/news/,flinders.edu.au
24011,https://www.esri.ie/news/christmas-opening-hours-1,esri.ie
31691,https://www.wbs.ac.uk/news/,wbs.ac.uk
6424,https://www.clf.org/our-newsroom/?type=press-release,clf.org
17398,https://www.cranfield.ac.uk/press,cranfield.ac.uk
17680,https://www.rmit.edu.au/news/media-releases-and-expert-comments,rmit.edu.au
17463,https://lighthouse.mq.edu.au/media-releases,mq.edu.au
19346,https://www.cpaaustralia.com.au/about-cpa-australia/media/media-releases,cpaaustralia.com.au
17472,https://www.newcastle.edu.au/news,newcastle.edu.au
20973,https://www.technion.ac.il/en/blog/article/,technion.ac.il
21052,https://news.nus.edu.sg/press-releases,nus.edu.sg
17119,https://journalism.missouri.edu/category/news-releases/,missouri.edu
37243,https://news.engineering.pitt.edu/?h=1&t=Research,pitt.edu
23544,https://www.oikoumene.org/news,oikoumene.org
36770,https://ccp.jhu.edu/news/,jhu.edu
19558,https://www.oxfam.org/en/press-releases,oxfam.org
17459,https://www.london.edu/news#sortCriteria=%40articledateobject%20descending,london.edu
17452,https://www.leedsbeckett.ac.uk/news/all,leedsbeckett.ac.uk
23537,https://www.weforum.org/press/news/,weforum.org
15269,https://udayton.edu/news/index.php,udayton.edu
40438,https://news.vumc.org/content_type/news-releases/,vumc.org
15267,https://www.owu.edu/news-media/category/press-release/,owu.edu
21051,https://www.ntu.edu.sg/news?listingKeyword=&sort=latest&categories=all&page=1,ntu.edu.sg
17627,https://www.stfx.ca/news,stfx.ca
7851,https://news.clemson.edu/all-stories/,clemson.edu
7919,http://www.uncg.edu/category/news/,uncg.edu
10340,https://www.ubalt.edu/about/newsroom/news-and-stories/index.cfm,ubalt.edu
17447,https://www.keele.ac.uk/about/news/,keele.ac.uk
17623,https://www.upei.ca/communications/news,upei.ca
37272,https://news.cuanschutz.edu/news-stories/tag/press-releases,cuanschutz.edu
39980,https://www.mediasupport.org/news-overview/,mediasupport.org
18979,https://www.salk.edu/news/salk-news/,salk.edu
27333,https://www.escardio.org/news/press/press-releases/,escardio.org
33045,https://www.rcgp.org.uk/about-us/news/,rcgp.org.uk
15501,https://home.hamptonu.edu/news-archive/#gsc.tab=0,hamptonu.edu
16053,https://www.sadc.int/latest-news,sadc.int
21136,https://www.asahq.org/about-asa/newsroom/news-releases#sort=%40searchdate%20descending,asahq.org
8084,https://news.usuhs.edu/,usuhs.edu
17436,https://www.deakin.edu.au/about-deakin/news-and-media-releases,deakin.edu.au
37419,https://ccla.org/all-live-updates/press-releases/,ccla.org
17316,https://www.responsiblelending.org/newsroom/press-releases,responsiblelending.org
20626,https://news.umflint.edu/,umflint.edu
5241,https://www.siue.edu/news/current.shtml,siue.edu
37500,https://achpr.au.int/en/category/press-releases,au.int
8154,https://www.usf.edu/news/listing.aspx,usf.edu
14598,https://www.wiu.edu/news/,wiu.edu
17413,https://www.gre.ac.uk/about-us/news,gre.ac.uk
24485,https://www.advancingjustice-aajc.org/news-media/press-releases,advancingjustice-aajc.org
20210,https://www.mla.com.au/news-and-events/industry-news/?q=&topics=&category=195&pageSize=21&page=1,mla.com.au
14593,https://www.bsu.edu/news/press-center,bsu.edu
30352,https://ceceurope.org/news/english/,ceceurope.org
15790,https://bipartisanpolicy.org/about-us/for-media/,bipartisanpolicy.org
20761,https://www.bcg.com/search?f7=00000171-f179-d0c2-a57d-fbfd3be20000&s=1&f5=00000171-f12e-d394-ab73-f3ef7fc10000,bcg.com
7536,https://www.amnesty.org/en/latest/press-release/,amnesty.org
39622,http://www.tax.org.uk/news/1,tax.org.uk
20277,https://www.gsma.com/newsroom/press-releases/,gsma.com
19263,https://www.nrla.org.uk/news/press-releases,nrla.org.uk
27465,https://www.bgs.ac.uk/news/?tax_category=press-release,bgs.ac.uk
9214,https://suny.buffalostate.edu/news,buffalostate.edu
10140,https://www.cameron.edu/press-releases,cameron.edu
13573,https://www.bchydro.com/news/press_centre.html,bchydro.com
16458,https://www.dal.ca/news/media/media-releases.html,dal.ca
27078,https://news.uoguelph.ca/category/news-release/,uoguelph.ca
17608,https://news.ontariotechu.ca/,ontariotechu.ca
17595,https://news.usask.ca/media-releases.php,usask.ca
10247,https://news.utk.edu/category/campus-news/,utk.edu
20525,https://www.atr-aircraft.com/newsroom/press/,atr-aircraft.com
18333,https://newsroom.cisco.com/c/r/newsroom/en/us/press-releases.html,cisco.com
7884,https://newsmediarelations.colostate.edu/press-releases/,colostate.edu
13464,https://www.eei.org/resources-and-media/Newsroom,eei.org
18089,https://www.falmouth.ac.uk/news,falmouth.ac.uk
10233,https://www.uwp.edu/explore/media/,uwp.edu
24698,https://e2.org/resources/?type_param=press_post,e2.org
16410,https://www.ey.com/en_gl/newsroom#tabs-20ba3c4fea-item-7bb34d0129-tab,ey.com
17977,https://www.gd.com/news/news-feed?page=0,gd.com
28085,https://www.georgeinstitute.org/news-and-media/news?news_type[]=1101,georgeinstitute.org
40504,https://www.in.gov/gov/newsroom/news-releases/,in.gov
19352,https://mediaroom.hktdc.com/en/pressrelease,hktdc.com
25109,https://mitsloan.mit.edu/press/press-releases,mit.edu
9183,https://news.mdc.edu/press-release/,mdc.edu
23799,https://www.nationaljewish.org/about-us/news,nationaljewish.org
13597,https://news.outrigger.com/,outrigger.com
129,https://www.fws.gov/press-release?type=%5B%22press_release%22%5D,fws.gov
7285,https://www.arl.org/news-category/arl-news/,arl.org
27102,https://350.org/media/,350.org
35811,https://americanoversight.org/our-work/our-latest/,americanoversight.org
10158,https://www.astate.edu/about/news/index.html,astate.edu
23085,https://www.army.mil/atec/,army.mil
15242,https://www.ashland.edu/about/news-center,ashland.edu
7836,https://ocm.auburn.edu/stories/all/,auburn.edu
30756,https://www.bw.edu/news/,bw.edu
19131,https://www.cibse.org/policy-advocacy/news/,cibse.org
19255,https://builders.org.uk/news/,builders.org.uk
31425,https://raeng.org.uk/news,raeng.org.uk
34059,https://www.smmt.co.uk/news/?_sft_category=news,smmt.co.uk
33370,https://www.ukri.org/councils/mrc/news/,ukri.org
7856,https://news.csub.edu/,csub.edu
7874,https://www.sdsu.edu/news/list?tag=Campus%20News,sdsu.edu
28357,https://www.stantec.com/en/news,stantec.com
19540,https://www.sei.cmu.edu/news-events/,cmu.edu
30052,https://www.sei.cmu.edu/news/,cmu.edu
7883,https://www.minesnewsroom.com/newsroom,minesnewsroom.com
31207,https://www.publichealth.columbia.edu/news-search,columbia.edu
10284,https://news.columbusstate.edu/,columbusstate.edu
10138,https://www.ecok.edu/news/,ecok.edu
17350,https://www.aru.ac.uk/news,aru.ac.uk
17722,https://www.royalholloway.ac.uk/about-us/news/,royalholloway.ac.uk
17809,https://www.yorksj.ac.uk/news/,yorksj.ac.uk
3053,https://coag.gov/media-center/press-room/,coag.gov
30248,https://www.law.georgetown.edu/news/#main_content,georgetown.edu
15468,https://www.hputx.edu/news/,hputx.edu
20639,https://news.iu.edu/southeast/news/,iu.edu
39935,https://iatistandard.org/en/news/,iatistandard.org
25889,https://www.lifepointhealth.net/news,lifepointhealth.net
14861,https://millikin.edu/news-events/newsroom,millikin.edu
3205,https://health.mo.gov/news,mo.gov
23511,https://www.mohospitals.org/search/?en_entries[menu][primary_facet]=Newsroom&en_entries[sortBy]=en_entries_date_desc,mohospitals.org
37522,https://www.mismo.org/about-MISMO/news-and-accomplishments/news,mismo.org
23248,https://njsba.com/news/,njsba.com
15113,https://www.northwood.edu/news/,northwood.edu
8019,https://news.osu.edu/?h=1&t=news,osu.edu
8045,https://dickinsonlaw.psu.edu/about/news,psu.edu
20567,https://news.ship.edu/,ship.edu
15476,https://www.smu.edu/news/research,smu.edu
20001,https://www.splcenter.org/presscenter/,splcenter.org
9327,https://www.geneseo.edu/news/archive/,geneseo.edu
7987,https://stockton.edu/news/news-archive.html,stockton.edu
15422,https://www.thiel.edu/newsroom/press-releases,thiel.edu
10277,https://today.troy.edu/category/news/,troy.edu
31993,https://law.ucla.edu/news?page=1&news-category=1031,ucla.edu
10260,https://research.uky.edu/news-archive,uky.edu
7547,https://www.umass.edu/news/news-events/news-headlines,umass.edu
35754,https://sph.unc.edu/category/school_news/,unc.edu
8012,https://www.uri.edu/news/archives/,uri.edu
8035,https://news.richmond.edu/releases/index.html,richmond.edu
14516,https://www.southalabama.edu/departments/publicrelations/pressreleases/archives/fullpr_archive.html,southalabama.edu
8155,https://sc.edu/uofsc/stories-topics-listing-page.php,sc.edu
14725,https://ozarks.edu/news/,ozarks.edu
10304,https://www.westga.edu/news/index.php,westga.edu
40441,https://law.vanderbilt.edu/category/general-news/,vanderbilt.edu
40440,https://medschool.vanderbilt.edu/basic-sciences/category/news/,vanderbilt.edu
20595,https://www.villanova.edu/university/media/press-releases.html,villanova.edu
10414,https://www.vsu.edu/news/,vsu.edu
5941,https://wvde.us/articles?f%5B0%5D=article_type%3A38,wvde.us
14525,https://www.winthrop.edu/news-events/,winthrop.edu
17777,https://newsroom.xcelenergy.com/news,xcelenergy.com
31415,https://law.yale.edu/yls-today/news,yale.edu
36991,https://coebank.org/en/news-and-publications/news/,coebank.org
21785,https://unfccc.int/news,unfccc.int
36476,https://www.ku.ac.ae/research-news,ku.ac.ae
22604,https://www.africom.mil/media-gallery/press-releases,africom.mil
17353,https://search.bath.ac.uk/s/search.html?collection=bath~sp-cms-production-announcements,bath.ac.uk
32025,https://news.delta.com/news-archive,delta.com
40573,https://www.governor.virginia.gov/,virginia.gov
40514,https://ago.mo.gov/press-releases/,mo.gov
17312,https://www.instituteforenergyresearch.org/type/commentary/,instituteforenergyresearch.org
20458,https://www.fairus.org/press-releases,fairus.org
31517,https://www.jobcreatorsnetwork.com/press_releases/,jobcreatorsnetwork.com
13365,https://www.nature.org/en-us/newsroom/,nature.org
23444,https://www.abi.org.uk/news/news-articles/,abi.org.uk
20205,https://globalwitness.org/en/press-releases/label/press-release/,globalwitness.org
14991,https://nclnet.org/media/press-release/,nclnet.org
22763,https://www.hanscom.af.mil/News/,af.mil
28115,https://www.fortifyrights.org/all-our-work/?category=,fortifyrights.org
39628,https://bergermontague.com/news/,bergermontague.com
25588,https://demandprogress.org/media/press-releases/,demandprogress.org
22290,https://nrlc.org/category/communications/releases/,nrlc.org
20260,https://www.nycbar.org/press-releases/,nycbar.org
20324,https://www.aclufl.org/press-releases/,aclufl.org
14311,https://businesstechnologyassociation.growthzoneapp.com/news,growthzoneapp.com
40576,https://www.nj.gov/governor/news/2026/approved/news_archive.shtml,nj.gov
33715,https://libertyjusticecenter.org/ljc-press-releases/,libertyjusticecenter.org
48,https://www.southcom.mil/News/PressReleases/,southcom.mil
21211,https://publicaffairs-sme.com/ExchangePost/category/categories/press_releases/,publicaffairs-sme.com
39423,https://www.catf.us/category/news-media/,catf.us
25446,https://www.directrelief.org/news/,directrelief.org
30375,https://www.tn.gov/governor/news.html,tn.gov
31456,https://partnershipfornewamericans.org/press/,partnershipfornewamericans.org
23804,https://www.uspoultry.org/media-center/news-archive/,uspoultry.org
20336,https://www.aclu-nm.org/press-releases/,aclu-nm.org
20348,https://www.riaclu.org/news/,riaclu.org
10099,https://www.unr.edu/nevada-today,unr.edu
8014,https://penntoday.upenn.edu/news/archives,upenn.edu
8134,https://www.sdstate.edu/news/search?combine=,sdstate.edu
7959,https://source.washu.edu/channels/newsroom/,washu.edu
22001,https://www.ucdavis.edu/news,ucdavis.edu
7965,https://today.rowan.edu/,rowan.edu
8161,https://www.montana.edu/news/,montana.edu
28418,https://news.llu.edu/,llu.edu
10261,https://www.kysu.edu/news/index.php,kysu.edu
40507,https://walkinshaw.house.gov/news/documentquery.aspx?DocumentTypeID=27,house.gov
5239,https://news.niu.edu/,niu.edu
2901,https://news.ufl.edu/,ufl.edu
9169,https://news.utoledo.edu/index.php/category/news,utoledo.edu
20299,https://www.smeunited.eu/news?filter=news,smeunited.eu
19357,https://www.australianindustrygroup.com.au/news/media-centre/,australianindustrygroup.com.au
40515,https://grijalva.house.gov/media/press-releases,house.gov
8011,https://www.ndsu.edu/news/search,ndsu.edu
33367,https://www.davispolk.com/about/news,davispolk.com
7869,https://newsroom.csun.edu/all-stories/,csun.edu
10218,https://www.usd.edu/The-South-Dakotan/News-Listing#sort=%40newsz32xdetailsz32xpublicationz32xdate%20descending,usd.edu
8037,https://wvutoday.wvu.edu/stories,wvu.edu
21433,https://www.soas.ac.uk/about/news,soas.ac.uk
8159,https://www.usi.edu/news/search?,usi.edu
8068,https://news.iu.edu/news/?campus=iu+indianapolis,iu.edu
40508,https://www.trine.edu/news/,trine.edu
32733,https://www.ranzcp.org/news-analysis?category=mediarelease&location=&keyword=,ranzcp.org
17291,https://www.nasuwt.org.uk/news/press-office.html,nasuwt.org.uk
31433,https://www.nrc.no/search/?searchCategories=172&searchMethod=1,nrc.no
3482,https://www.ncdp.org/category/press/,ncdp.org
15226,https://today.duke.edu/,duke.edu
13175,https://www.ihgplc.com/en/news-and-media/news-releases,ihgplc.com
10197,https://blogs.umsl.edu/news/latest/,umsl.edu
9370,https://www.gc.cuny.edu/news,cuny.edu
10250,https://news.uthsc.edu/,uthsc.edu
32328,https://newsroom.airasia.com/#gsc.tab=0,airasia.com
10098,https://www.unlv.edu/news/archive,unlv.edu
21910,https://www.press.bmwgroup.com/global,bmwgroup.com
21907,https://group.ntt/en/newsrelease/2026/,group.ntt
19198,https://home.barclays/news/press-releases/,home.barclays
17654,https://www.tba.org/index.cfm?pg=LawBlog,tba.org
4818,https://clas.uiowa.edu/news,uiowa.edu
14542,https://www.utrgv.edu/newsroom/categories/index.htm,utrgv.edu
9218,https://cals.cornell.edu/about/newsroom,cornell.edu
18469,https://news.siemens.com/en-us/#2T4QwlZrxEploSU9MuOq0q,siemens.com
16422,https://kpmg.com/us/en/media/news.html,kpmg.com
28323,https://www.sc.com/en/media/press-releases/,sc.com
18336,https://www.ericsson.com/en/newsroom/latest-news?typeFilters=2&locs=68304,ericsson.com
18557,https://www.tcs.com/who-we-are/newsroom,tcs.com
20185,https://www.slb.com/newsroom/news#sort=%40originalz32xpublicationz32xdate%20descending,slb.com
31187,https://consumerchoicecenter.org/press-release/,consumerchoicecenter.org
21146,https://uncf.org/the-latest/topic/press-release/author/date,uncf.org
8048,https://harrisburg.psu.edu/news,psu.edu
21866,https://www.coloradomesa.edu/now/index.html,coloradomesa.edu
8142,https://www.etamu.edu/news/,etamu.edu
8160,https://mtsunews.com/,mtsunews.com
14547,https://www.musc.edu/about/media-relations/news-releases,musc.edu
31847,https://www.brooklaw.edu/News-and-Events/News,brooklaw.edu
15172,https://gradschool.weill.cornell.edu/about-us/news-and-events/news,cornell.edu
9877,https://www.shsu.edu/news/,shsu.edu
9353,https://sunypoly.edu/about/news.html,sunypoly.edu
7916,https://inside.charlotte.edu/news-features/,charlotte.edu
10314,https://www.latech.edu/news/listing.php,latech.edu
8025,https://attheu.utah.edu/category/news-releases/,utah.edu
15324,https://news.lehigh.edu/all-stories,lehigh.edu
7932,https://keck.usc.edu/news/category/press-release/,usc.edu
20436,https://www.pomona.edu/news,pomona.edu
7545,https://news.harvard.edu/gazette/story/newsplus/,harvard.edu
40437,https://engineering.vanderbilt.edu/news/,vanderbilt.edu
27960,https://africacdc.org/news/?wpv-news-type=press-releases&wpv_aux_current_post_id=219&wpv_view_count=975,africacdc.org
20360,https://www.npa.co.uk/news/,npa.co.uk
18355,https://www.nokia.com/newsroom/,nokia.com
21908,https://www.novartis.com/news/newsroom,novartis.com
19212,https://www.henkel.com/press-and-media/press-releases-and-kits,henkel.com
20234,https://rxglobal.com/press-releases,rxglobal.com
20290,https://www.globalsuzuki.com/globalnews/index.html,globalsuzuki.com
28686,https://news.klm.com/?h=1,klm.com
40556,https://www.mtg.com/pressroom/,mtg.com
18574,https://www.airbus.com/en/newsroom/press-releases,airbus.com
23327,https://caricom.org/category/pressreleases/,caricom.org
32126,https://news.disneylandparis.com/en/news/,disneylandparis.com
20765,https://www.rohde-schwarz.com/us/about/news-press/all-news/news-library_229347.html?facet_NewspressGroup[0]=Press+Release&term=,rohde-schwarz.com
19074,https://www.sanofi.com/en/media-room/press-releases,sanofi.com
25690,https://www.eastman.com/en/media-center/news-stories,eastman.com
28569,https://www.akamai.com/newsroom/press-release,akamai.com
14374,https://www.unf.edu/newsroom/2026/index.html,unf.edu
14316,https://www.csbs.org/press-room/press-releases,csbs.org
13669,https://www.makeitelectric.org/newsroom/news-blog/,makeitelectric.org
40393,https://iowarfa.org/media-center/press-releases/,iowarfa.org
38885,https://shrimpalliance.com/category/our-work/press-releases/,shrimpalliance.com
14068,https://www.psychiatry.org/newsroom/news-releases,psychiatry.org
33743,https://www.ohiobankersleague.com/News-Information/Headlines,ohiobankersleague.com
16185,https://www.toyassociation.org/ta/PressRoom2/newsroom.aspx?hkey=1b4457d1-9c2f-4e95-a7b8-5a55e957a5b5,toyassociation.org
29559,https://www.auvsi.org/newsroom/latest-news/?mg_page=1&taxonomies=%257B%2522news-type%2522%253A%255B209%255D%257D,auvsi.org
7284,https://www.nacha.org/news/press-releases,nacha.org
40044,https://www.apaservices.org/more-news,apaservices.org
18487,https://www.aopa.org/media-room,aopa.org
14202,https://newsroom.aem.org/?h=1&t=News,aem.org
31562,https://amwa-doc.org/news/,amwa-doc.org
13461,https://www.motionpictures.org/news/,motionpictures.org
32545,https://axpc.org/blog/?s=&de_education-resource-category=press-release,axpc.org
13974,https://www.aacom.org/news-reports/press-releases,aacom.org
19123,https://news.alaskaair.com/,alaskaair.com
18578,https://www.avinc.com/news/?_type=press-release,avinc.com
13193,https://media.delawarenorth.com/news/,delawarenorth.com
18538,https://www.grantthornton.com/newsroom,grantthornton.com
28594,https://www.halliburton.com/en/about-us/press-release?node-id=hgeyxtfr,halliburton.com
28725,https://www.nationwidechildrens.org/newsroom/news-releases,nationwidechildrens.org
25699,https://www.chrobinson.com/en-us/about-us/newsroom/archive/?resourcetype=press-release,chrobinson.com
40553,https://www.bayer.com/en/us/newsroom,bayer.com
17956,https://www.aarcorp.com/en/newsroom/search/?cat=793,aarcorp.com
28644,https://corporate.accuweather.com/newsroom/press-releases/,accuweather.com
35862,https://www.bannerhealth.com/newsroom/category/press-releases?page=1,bannerhealth.com
39892,https://about.gitlab.com/press/releases/,gitlab.com
25740,https://media.boydgaming.com/press-releases,boydgaming.com
25685,https://www.trustage.com/newsroom?utm_source=cmfg-sitelinks&utm_medium=gen_b2b_referral&utm_campaign=sbt_launch&page=1,trustage.com
18531,https://www.cargill.com/news/press-releases,cargill.com
13297,https://www.pepco.com/news/news-releases,pepco.com
35081,https://www.ifpte.org/news,ifpte.org
21424,https://www.americanrivers.org/conservation-resources/media-center/?W10=#1,americanrivers.org
28098,https://youthlaw.org/latest-news/?field_type_target_id[14]=14,youthlaw.org
21177,https://kennedyhumanrights.org/press/,kennedyhumanrights.org
23187,https://www.calbar.ca.gov/news,ca.gov
23543,https://splc.org/news/,splc.org
33816,https://refugeerights.org/news-resources?keyword=&issue=0&language=0&news_resources_type=press-releases,refugeerights.org
20342,https://www.aclutx.org/press-releases/,aclutx.org
20339,https://www.acluohio.org/press-releases/,acluohio.org
20334,https://www.aclunebraska.org/press-releases/,aclunebraska.org
7870,https://www.cpp.edu/news/all-news.shtml,cpp.edu
35585,https://floridapoly.edu/news/?category=News%20Release,floridapoly.edu
24398,https://reproductiverights.org/press-room/,reproductiverights.org
20702,https://www.bluegreenalliance.org/resources/?s-text=&s-type[]=28&s-date-start=2021,bluegreenalliance.org
7292,https://consumerwatchdog.org/news-releases/,consumerwatchdog.org
33351,https://phr.org/our-work/resources/?_resource_type_dd=press-release,phr.org
31518,https://www.woccu.org/newsroom,woccu.org
32521,https://www.isscr.org/isscr-news/category/Press+Release,isscr.org
38377,https://weact.org/news-events/updates/?update_type%5B%5D=press-release,weact.org
27865,https://getliberty.org/media/press-releases/,getliberty.org
15394,https://www.frc.org/get.cfm?it=PR&row=1#gsc.tab=0,frc.org
19529,https://mnnurses.org/news/press-releases/,mnnurses.org
40548,https://www.hunter.cuny.edu/news/?news-feed=all-news,cuny.edu
8016,https://news.unt.edu/news-releases/,unt.edu
10177,https://www.fhsu.edu/news/2026/,fhsu.edu
14817,https://blogs.millersville.edu/news/,millersville.edu
14521,https://www.lander.edu/news/index.html,lander.edu
14631,https://www.eku.edu/news/,eku.edu
35079,https://www.colorado.edu/business/news/news-archives,colorado.edu
14522,https://www.scsu.edu/news/index.php,scsu.edu
8023,https://news.okstate.edu/colleges/spears-school-of-business/list,okstate.edu
7917,https://www.uncp.edu/news/index.html,uncp.edu
10342,https://www.morgan.edu/news/category-news-releases,morgan.edu
10079,https://www.pdx.edu/research/news,pdx.edu
2893,https://news.famu.edu/,famu.edu
7835,https://today.appstate.edu/news/,appstate.edu
7918,https://uncw.edu/news/,uncw.edu
14815,https://www.iup.edu/news-events/news/,iup.edu
35153,https://www.vims.edu/newsandevents/topstories/2026/,vims.edu
8066,https://indianastate.edu/news,indianastate.edu
10318,https://louisiana.edu/news,louisiana.edu
10420,https://westliberty.edu/news/category/news/,westliberty.edu
35748,https://sph.umd.edu/news,umd.edu
7935,https://www.universityofcalifornia.edu/press-room,universityofcalifornia.edu
5253,https://www.uis.edu/all-news,uis.edu
9151,https://news.southernct.edu/,southernct.edu
10288,https://frontpage.gcsu.edu/news,gcsu.edu
14537,https://www.sfasu.edu/about-sfa/newsroom,sfasu.edu
10166,https://uca.edu/news/category/press-room/,uca.edu
14835,https://news.sru.edu/#page=1,sru.edu
9165,https://www.kent.edu/today/news-archive,kent.edu
37265,https://www.uwplatt.edu/news/all,uwplatt.edu
14642,https://www.oakland.edu/news/,oakland.edu
10152,https://www.swosu.edu/news/?c=news,swosu.edu
30751,https://www.psu.edu/news/education,psu.edu
14531,https://blogs.memphis.edu/newsroom/category/latest-news/,memphis.edu
8102,https://www.mtu.edu/news/archives/,mtu.edu
7865,https://www.csulb.edu/news,csulb.edu
8136,https://www.tarleton.edu/news/stories/,tarleton.edu
28646,https://www.converse.edu/campus-news/?all,converse.edu
20230,https://www.colorado.edu/today/news-headlines,colorado.edu
8153,https://www.uttyler.edu/about/news/pressrelease/,uttyler.edu
19752,https://www.esf.edu/news/index.php,esf.edu
8121,https://tnstatenewsroom.com/,tnstatenewsroom.com
4822,https://international.uiowa.edu/news,uiowa.edu
8008,https://blogs.und.edu/press-releases/,und.edu
10214,https://www.bhsu.edu/news/index.html,bhsu.edu
10281,https://www.asurams.edu/news/,asurams.edu
4819,https://education.uiowa.edu/news,uiowa.edu
10336,https://bowiestate.edu/about/news/,bowiestate.edu
4828,https://insideuni.uni.edu/tags/news-release,uni.edu
6147,https://www.desu.edu/news,desu.edu
9347,https://www.potsdam.edu/news,potsdam.edu
14509,https://jsu.edu/news/index.html,jsu.edu
4101,https://www.cuny.edu/about/administration/offices/communications-marketing/news/,cuny.edu
9867,https://www.ttu.edu/now/posts/?tags=Topic-Research,ttu.edu
7868,https://csumb.edu/news/news-listing/,csumb.edu
10315,https://www.mcneese.edu/today/,mcneese.edu
8080,https://walton.uark.edu/news/,uark.edu
10208,https://www.unomaha.edu/news/2026/index.php,unomaha.edu
10313,https://news.gram.edu/,gram.edu
4821,https://uihc.org/news/search?prod_uihc_news_search[page]=1,uihc.org
10417,https://www.fairmontstate.edu/news/default.aspx,fairmontstate.edu
40498,https://ago.wv.gov/news,wv.gov
22056,https://www.getty.edu/news/tag/press-releases/,getty.edu
17023,https://www.ivytech.edu/about-ivy-tech/news/,ivytech.edu
23815,https://teachplus.org/media/press-releases-policy-statements/,teachplus.org
27276,https://www.duanemorris.com/site/listings/pressreleases.html,duanemorris.com
21070,https://www.wilmerhale.com/en/news?,wilmerhale.com
20009,https://www.arnoldporter.com/en/perspectives/news,arnoldporter.com
20048,https://www.hunton.com/news,hunton.com
17925,https://www.crowell.com/en/insights,crowell.com
40426,https://www.cahill.com/news,cahill.com
29952,https://www.bradley.com/insights/?tab=13d3b117-c1aa-493f-a715-4c1eef191c98&reload=false&scroll=98.66666412353516,bradley.com
32317,https://www.frantzward.com/news-blog?category=news,frantzward.com
25538,https://www.huschblackwell.com/thought-leadership#page=1&type=news-42978,huschblackwell.com
23072,https://www.army.mil/acc,army.mil
37371,https://news.usuhs.edu/search/label/Research,usuhs.edu
20670,https://usnwc.edu/News-and-Events/Archive-All-US-Naval-War-College-News,usnwc.edu
25344,https://www.army.mil/news/newsreleases,army.mil
36281,https://www.afit.edu/newsarchive.cfm,afit.edu
21427,https://nps.edu/web/guest/stories-archive,nps.edu
32336,https://www.kansascityfed.org/newsroom/2026-news-releases/,kansascityfed.org
35224,https://www.fhlbc.com/news,fhlbc.com
40238,https://www.uscirf.gov/publications?search=&country=&type=491,uscirf.gov
33657,https://www.ussoccer.com/stories/federation-news,ussoccer.com
23298,https://worldathletics.org/news/press-releases,worldathletics.org
17225,https://uaw.org/news/,uaw.org
30271,https://gov.alaska.gov/newsroom/,alaska.gov
21951,https://www.belmont.edu/stories/articles/,belmont.edu
15303,https://www.arcadia.edu/news,arcadia.edu
15314,https://www.duq.edu/news-and-stories/news-directory.php?type=News+Releases,duq.edu
15255,https://www.jcu.edu/news/archive/,jcu.edu
35149,https://www.vet.cornell.edu/about-us/news,cornell.edu
15228,https://gardner-webb.edu/news/,gardner-webb.edu
34031,https://andersonuniversity.edu/news/,andersonuniversity.edu
14829,https://www.adler.edu/news-archive/,adler.edu
25682,https://www.law.columbia.edu/news/archive,columbia.edu
20232,https://www.rochester.edu/newscenter/category/news/university-news/,rochester.edu
16767,https://laroche.edu/News/,laroche.edu
5260,https://colleges.ccc.edu/category/ccc-news/,ccc.edu
15502,https://www.lynchburg.edu/category/news/,lynchburg.edu
15032,https://www.mc.edu/news,mc.edu
15326,https://www.lycoming.edu/news/,lycoming.edu
15428,https://www.westminster.edu/about/news/archive.cfm,westminster.edu
14789,https://www.eckerd.edu/news/,eckerd.edu
10289,https://www.ggc.edu/about-ggc/news-and-notables,ggc.edu
14902,https://www.grace.edu/category/news/,grace.edu
28463,https://www.assumption.edu/news-and-events/news,assumption.edu
25296,https://post.davenport.edu/all-stories/,davenport.edu
15086,https://www.stkate.edu/newswire/news,stkate.edu
20673,https://www.wingate.edu/news-archive,wingate.edu
15434,https://www.ycp.edu/news,ycp.edu
19014,https://www.iwu.edu/news/,iwu.edu
14893,https://www.dbq.edu/NewsEvents/,dbq.edu
15311,https://www.desales.edu/news/,desales.edu
20649,https://www.misericordia.edu/news,misericordia.edu
7333,https://www.cor.europa.eu/en/news,europa.eu
17587,https://www.royalroads.ca/news,royalroads.ca
17593,https://www.ulethbridge.ca/unews/headlines,ulethbridge.ca
17586,https://www.unbc.ca/our-stories/releases,unbc.ca
31690,https://uni-tuebingen.de/en/university/news-and-publications/press-releases/archive/,uni-tuebingen.de
36350,https://www.sissa.it/news,sissa.it
30683,https://www.global.hokudai.ac.jp/news/category/press-release/,hokudai.ac.jp
19354,https://newsroom.auspost.com.au/edition/2026-media-releases,auspost.com.au
6,https://www.fas.usda.gov/newsroom/search,usda.gov
170,https://www.fmcsa.dot.gov/newsroom/press-releases,dot.gov
19316,https://www.retail.org.au/media-releases,retail.org.au
16984,https://www.cii.in/NewsRoom.aspx?enc=SO0wa+TYDvk3FXKFO1bn1Q==,cii.in
19327,https://energyproducers.au/media/latest-news,energyproducers.au
23432,https://www.ics-shipping.org/news-and-press/press/,ics-shipping.org
23440,https://www.niauk.org/the-hub/?_sft_content_types=press-release,niauk.org
32667,https://www.rcog.org.uk/news/,rcog.org.uk
19345,https://www.superannuation.asn.au/media/,superannuation.asn.au
20300,https://www.businesseurope.eu/publications/?category[0]=59,businesseurope.eu
19305,https://www.twu.com.au/press/,twu.com.au
16075,https://www.pata.org/press-releases,pata.org
22078,https://www.icn.ch/news,icn.ch
27586,https://www.rics.org/news-insights/all-news-and-insight?ricsglobal%3Acontent%2Fcategory%2Fnews-and-insight%2Ftype%2Fpress-release%7CPress+release%3BType=checkbox,rics.org
27393,https://www.efama.org/newsroom/press-releases,efama.org
16503,https://www.itfglobal.org/en/press-room,itfglobal.org
36758,https://cape.ca/press-releases/,cape.ca
19527,https://canadianlabour.ca/media/?clc_category__in[]=31,canadianlabour.ca
23470,https://www.acea.auto/nav/?content=press-releases,acea.auto
24804,https://www.iccaworld.org/news/,iccaworld.org
32759,https://www.ersnet.org/news-and-features/news/,ersnet.org
21911,https://www.anz.com.au/newsroom/,anz.com.au
24828,https://www.bankofcanada.ca/news/?utility[]=790,bankofcanada.ca
20180,https://www.airliquide.com/group/press-releases-news,airliquide.com
35238,https://www.capgemini.com/news/press-releases/,capgemini.com
27225,https://www.groupebpce.com/en/all-the-latest-news/,groupebpce.com
20548,https://newsroom.orange.com/section/communiques-dossiers/?lang=eng,orange.com
28303,https://www.safran-group.com/pressroom?field_society_terms_tid=1532&field_date_value=All,safran-group.com
21992,https://www.acphs.edu/news/,acphs.edu
15035,https://www.bentley.edu/news/all,bentley.edu
20527,https://news.bushnell.edu/,bushnell.edu
14745,https://news.callutheran.edu/recent-news/,callutheran.edu
15044,https://www.gordon.edu/stories,gordon.edu
15466,https://www.hsutx.edu/about-hsu/news/,hsutx.edu
21956,https://htu.edu/news/,htu.edu
14889,https://www.mtmercy.edu/news-events/index,mtmercy.edu
10170,https://www.northark.edu/news-and-updates/,northark.edu
7991,https://www.saintpeters.edu/news/press-releases/,saintpeters.edu
14757,https://www.spelman.edu/news/index.html,spelman.edu
24737,https://www.tiffin.edu/news/category/press-releases/,tiffin.edu
19172,https://www.wileyc.edu/news,wileyc.edu
18621,https://www.aebi-schmidt.com/en/news/,aebi-schmidt.com
30342,https://www.bny.com/corporate/global/en/about-us/newsroom/press-release.html,bny.com
28359,https://news.gallup.com/topic/all-gallup-headlines.aspx,gallup.com
30044,https://ogletree.com/media-center/?keyword&type=od_press_release&month&location,ogletree.com
17913,https://www.optum.com/en/newsroom.html,optum.com
40430,https://www.ashurstperkinscoie.com/en/who-we-are/our-news-work-market-recognition/#NewsComputed=News,ashurstperkinscoie.com
28628,https://www.redhat.com/en/about/newsroom,redhat.com
31806,https://www.sidley.com/en/newslanding#press-releases,sidley.com
5565,https://www.atc.edu/about/news,atc.edu
16896,https://www.hancockcollege.edu/publicaffairs/newsreleases/index.php,hancockcollege.edu
7968,https://atlanticcape.edu/news/all-news.php,atlanticcape.edu
17251,https://sites.austincc.edu/newsroom/,austincc.edu
9365,https://www.bmcc.cuny.edu/bmcc-news/,cuny.edu
17122,https://www.bpcc.edu/news,bpcc.edu
10375,http://www.cccc.edu/news/,cccc.edu
23406,https://www.cnm.edu/news,cnm.edu
17337,https://www.cvtc.edu/news-events/news,cvtc.edu
7973,http://www.ccm.edu/news-archive/,ccm.edu
16905,https://www.cuesta.edu/about/newsroom/index.html,cuesta.edu
9175,https://www.easternflorida.edu/news-events/news-releases/,easternflorida.edu
33408,https://www.edisonohio.edu/News/,edisonohio.edu
10312,https://www.fletcher.edu/news,fletcher.edu
17637,https://www.grcc.edu/about-grcc/news,grcc.edu
21800,https://www.hccs.edu/news/,hccs.edu
17137,https://www.jccmi.edu/news/,jccmi.edu
17339,https://lakeshore.edu/lakeshore-news,lakeshore.edu
5463,https://www.lc.edu/news//index.html,lc.edu
17175,https://www.mpcc.edu/news/index.php,mpcc.edu
10408,https://www.nr.edu/news/,nr.edu
10355,https://necc.edu/newsroom/category/headlines/,necc.edu
10367,https://prcc.edu/about/news-events/,prcc.edu
17336,https://www.pierpont.edu/news/,pierpont.edu
9368,https://www.qcc.cuny.edu/news/index.html,cuny.edu
17322,https://www.rappahannock.edu/news/2026/index.html,rappahannock.edu
9349,https://sunyrockland.edu/category/press-releases/,sunyrockland.edu
10167,http://www.asub.edu/news-information/index.aspx,asub.edu
36792,https://eng.auburn.edu/news/news-feed,auburn.edu
10415,https://www.bluefieldstate.edu/community/news-and-events,bluefieldstate.edu
14623,https://www.ccsu.edu/newsCentral,ccsu.edu
19203,https://www.centralgatech.edu/category/news,centralgatech.edu
14518,https://www.coastal.edu/ccustories/news/,coastal.edu
14613,https://www.ccga.edu/news/,ccga.edu
10215,https://dsu.edu/news/,dsu.edu
7931,https://www.ecsu.edu/news/index.php,ecsu.edu
15253,https://www.franklin.edu/about-us/pressroom/news,franklin.edu
15451,http://www.fhu.edu/news,fhu.edu
18090,https://www.gtc.edu/news-releases,gtc.edu
35742,https://publichealth.gmu.edu/news,gmu.edu
10290,https://www.gsw.edu/news/,gsw.edu
14619,https://news.gsu.edu/perimeter-news/,gsu.edu
14653,https://www.lincolnu.edu/web/advancement/news-and-events,lincolnu.edu
10320,https://www.lsu.edu/mediacenter/news_by_date.php,lsu.edu
10325,https://www.lsus.edu/lsus-news,lsus.edu
33633,https://natsci.msu.edu/news/,msu.edu
10298,https://www.mga.edu/news/pressroom.php,mga.edu
8020,https://www.ohio.edu/news/colleges/medicine/all,ohio.edu
9187,https://www.polk.edu/news/page/2/,polk.edu
19182,http://www.sscok.edu/media/,sscok.edu
14651,https://www.subr.edu/index.cfm/newsroom/archives/5,subr.edu
10113,https://www.suu.edu/news/2026/,suu.edu
35744,https://cph.temple.edu/news,temple.edu
7972,https://news.tcnj.edu/,tcnj.edu
35873,https://news.law.uci.edu/newsroom/,uci.edu
14629,https://www.kumc.edu/about/news/news-archive.html,kumc.edu
34586,https://law.ku.edu/news,ku.edu
10319,https://www.ulm.edu/news/,ulm.edu
35743,https://www.umass.edu/public-health-sciences/news,umass.edu
10251,https://www.ips.tennessee.edu/news-events,tennessee.edu
34588,https://sjquinney.utah.edu/news/,utah.edu
9985,https://www.tacoma.uw.edu/news/stories,uw.edu
38748,https://www.usu.edu/today/statewide-campuses/usu-eastern/,usu.edu
10134,https://wnmu.edu/news-2?utm_source=press-releases&utm_medium=wnmu-supermenu-about&utm_campaign=dropdown-menus,wnmu.edu
7999,https://www.wpunj.edu/news/news-listing.html,wpunj.edu
17718,https://flemingcollege.ca/news/category/media-release/,flemingcollege.ca
17584,http://blogs.ufv.ca/blog/category/newsroom/,ufv.ca
17390,https://www.gloscol.ac.uk/news-and-events/news/,gloscol.ac.uk
28118,https://www.keele.ac.uk/research/researchnews/,keele.ac.uk
17455,https://le.ac.uk/news,le.ac.uk
38749,https://www.sussex.ac.uk/business-school/news-and-events/news,sussex.ac.uk
29288,https://ut.ee/en/news,ut.ee
39446,https://www.fau.eu/category/news/,fau.eu
21031,http://www.cpr.cuhk.edu.hk/en/press.php?yr=2013&mth=5,cuhk.edu.hk
17400,https://www.dcu.ie/news,dcu.ie
20949,https://www.milpark.ac.za/news/,milpark.ac.za
20943,https://www.tut.ac.za/newsroom/all-news/,tut.ac.za
38890,https://scleroderma.org/category/news/,scleroderma.org
6913,https://www.mott.org/news/,mott.org
6398,https://www.nobelprize.org/press-english/,nobelprize.org
39939,https://foundationccc.org/about-us/articles/,foundationccc.org
28363,https://helmsleytrust.org/press-room/,helmsleytrust.org
28964,https://www.bayer.com/media/en-us/,bayer.com
20764,https://us.bosch-press.com/pressportal/us/en/news/,bosch-press.com
25125,https://group.dhl.com/en/media-relations/press-releases.html,dhl.com
18342,https://www.infineon.com/about/press/press-releases,infineon.com
27402,https://www.iss-stoxx.com/about/press-center/,iss-stoxx.com
21075,https://www.zeiss.com/corporate/en/about-zeiss/present/newsroom.html?vaURL=www.zeiss.com/newsroom,zeiss.com
18069,https://www.leonardo.com/en/media-hub/press-releases,leonardo.com
20288,https://global.honda/en/newsroom/?from=navi_header_global_en,global.honda
31336,https://www.atse.org.au/news/,atse.org.au
27185,https://cancer.ca/en/about-us/media-releases,cancer.ca
30272,https://www.dairynz.co.nz/news/?page=1&categories=Media%2520releases,dairynz.co.nz
40509,https://pchrgaza.org/category/press-releases/,pchrgaza.org
40625,https://www.appliedintuition.com/press-releases,appliedintuition.com
20684,https://www.arcadis.com/en/news#search-news-overview_e=0,arcadis.com
28451,https://www.stellantis.com/en/news/press-releases,stellantis.com
28305,https://www.sktelecom.com/en/press/press.do,sktelecom.com
19953,https://www.aviva.com/search/#sort=date%20descending&displaytag=motor-home-and-travel-news%2Cfinancial-news%2Cwealth-and-retirement-news%2Chealth-and-protection-news%2Csustainability-news%2Cleadership-news%2Cour-workplace-news%2Csponsorship-news,aviva.com
19050,https://www.babcockinternational.com/news/,babcockinternational.com
20275,https://visiongain.com/press-release/,visiongain.com
17508,https://www.ncirl.ie/News,ncirl.ie
40626,https://www.allinahealth.org/about-us/news-releases/2026,allinahealth.org
40673,https://defendourjuries.net/press-releases/,defendourjuries.net
40676,https://autoimmune.org/blog/,autoimmune.org
40622,https://www.ardian.com/news-insights/press-releases,ardian.com
40692,https://www.aidshealth.org/category/news/,aidshealth.org
40697,https://votolatino.org/media/press-releases/,votolatino.org
40702,https://www.ijr.org.za/news/,ijr.org.za
37101,https://www.quarles.com/newsroom/news?results,quarles.com
26548,https://www.wiley.law/insights-pressreleases,wiley.law
10089,https://www.roguecommunity.net/category/in-the-news/,roguecommunity.net
7976,https://www.rcsj.edu/about/news/,rcsj.edu
19156,https://www.sanjac.edu/about/news/,sanjac.edu
17031,https://scccnews.com/,scccnews.com
10013,https://www.skagit.edu/news/listing.html,skagit.edu
17041,https://somerset.kctcs.edu/news/index.aspx,kctcs.edu
10014,https://spscc.edu/news-awards,spscc.edu
21801,https://www.smccme.edu/news/,smccme.edu
10090,https://www.socc.edu/news/,socc.edu
17214,https://www.starkstate.edu/news/,starkstate.edu
10103,https://www.tmcc.edu/news,tmcc.edu
17149,http://www.wccnet.edu/news-events/,wccnet.edu
4814,https://www2.witcc.edu/about/news/,witcc.edu
28329,https://www.bridgevalley.edu/news/index.html,bridgevalley.edu
10412,https://www.virginiawestern.edu/news/category/campus-news/,virginiawestern.edu
9204,https://www.sinclair.edu/news/category/press-releases/,sinclair.edu
25817,https://corporate.kohls.com/news,kohls.com
15106,https://blog.cuaa.edu/news/,cuaa.edu
10111,https://news.utahtech.edu/,utahtech.edu
15131,https://www.hlg.edu/category/press-release/,hlg.edu
19184,https://lcuniversity.edu/all-news/,lcuniversity.edu
7921,https://www.uncfsu.edu/news,uncfsu.edu
24932,https://www.mvsu.edu/news,mvsu.edu
10059,https://www.nic.edu/newsroom/#,nic.edu
23213,https://www.sgsc.edu/about/news-and-updates,sgsc.edu
30830,https://www.tnelectric.org/category/news/,tnelectric.org
13475,https://www.mba.org/news-and-research/newsroom/all-news,mba.org
13826,https://www.rer.org/?s=&type=news&news_type=press-release,rer.org
18612,https://www.srcinc.com/news-and-events/press,srcinc.com
36756,https://soyagrainsalliance.org/news/,soyagrainsalliance.org
20367,https://www.bv.com/en-US/newsroom,bv.com
39595,https://www.mavenir.com/newsroom/press-releases/,mavenir.com
23387,https://www.leehealth.org/about-us/media/press-releases?page=1,leehealth.org
32314,https://www.eisneramper.com/news/,eisneramper.com
13258,https://www.avangrid.com/pressroom/press-releases,avangrid.com
40630,https://www.pnfp.com/about-pinnacle/media-room/news-releases/,pnfp.com
13285,https://www.nationalgrid.com/news?field_location[26991]=26991,nationalgrid.com
37354,https://www.umms.org/news/news-releases,umms.org
27362,https://premierinc.com/newsroom?categories=press-releases&scroll=filters,premierinc.com
20041,https://www.hklaw.com/en/news?type=e1ed80ce-080a-438a-a259-0005997a4013,hklaw.com
32332,https://btlaw.com/en/insights/news#?type=News%20Releases,btlaw.com
21065,https://foleyhoag.com/news-and-insights/view-all/,foleyhoag.com
31685,https://www.steptoe.com/en/news-publications/index.html?nt=18760,steptoe.com
27261,https://www.dinsmore.com/news/,dinsmore.com
25786,https://www.polsinelli.com/news,polsinelli.com
20208,https://www.squirepattonboggs.com/news/,squirepattonboggs.com
27826,https://www.haynesboone.com/news#t=NewsTypeAll&sort=%40publishedz32xdate%20descending&f:NewsType=[Press%20Release],haynesboone.com
23396,https://www.hausfeld.com/en-us/news,hausfeld.com
21417,https://www.thompsonhine.com/insights/?publication=Press+Releases+%26+Firm+News,thompsonhine.com
21062,https://www.dechert.com/knowledge-search.html?cq=928#category=News&page=1,dechert.com
32318,https://www.fredlaw.com/newsroom-news,fredlaw.com
39437,https://www.jonesday.com/en/news?tab=news,jonesday.com
21068,https://www.venable.com/about/news?type=fe0621c9a47f4d41bbde52359edc4149#,venable.com
24487,https://ktslaw.com/Insights?Type=News%20Releases#filterBy,ktslaw.com
26191,https://news.linkedin.com/,linkedin.com
8106,https://olemiss.edu/news/directory/,olemiss.edu
10361,https://www.usm.edu/news/,usm.edu
19921,https://www.udc.edu/news/,udc.edu
19168,https://news.uthscsa.edu/category/news-releases/,uthscsa.edu
7549,https://www.umb.edu/news/recent-news/,umb.edu
8071,https://news.iu.edu/kokomo/news/,iu.edu
20590,https://www.stpetersburg.usf.edu/news/listing.aspx?category=all&year=2026,usf.edu
7881,https://www.csustan.edu/news,csustan.edu
19042,https://news.txst.edu/,txst.edu
14569,https://cnu.edu/news/category/news.html,cnu.edu
10058,https://www.lcsc.edu/news,lcsc.edu
15455,https://lipscomb.edu/news/all-news,lipscomb.edu
14831,https://www.augustana.edu/about-us/news,augustana.edu
15521,https://www.whitman.edu/whitman-stories,whitman.edu
15227,https://www.elon.edu/u/news/special-category/news-releases/,elon.edu
32080,https://law.stanford.edu/press/?tax_and_terms=194&page=1,stanford.edu
17477,https://www.unisq.edu.au/news,unisq.edu.au
17820,https://en.ritsumei.ac.jp/news/,ritsumei.ac.jp
18087,https://www.bathspa.ac.uk/news-and-events/news/,bathspa.ac.uk
17723,https://www.stmarys.ac.uk/news/all-news,stmarys.ac.uk
6967,https://www.televisionacademy.com/features/news/press-releases,televisionacademy.com
14443,https://www.asa.net/News/News,asa.net
13958,https://www.aapa.org/topic/press-releases/,aapa.org
22226,https://cleanfuels.org/?s=&post_type=post,cleanfuels.org
13873,https://www.sema.org/news-media/press-release/archive,sema.org
14496,https://www.idfa.org/latest?date_range=&issue=0&category=196,idfa.org
19888,https://acaconnects.org/press-releases/,acaconnects.org
20259,https://nss.org/press-releases/,nss.org
19564,https://www.actionagainsthunger.org/press-releases/,actionagainsthunger.org
31429,https://worldrelief.org/press/,worldrelief.org
39352,https://dfipolicy.org/news/,dfipolicy.org
34198,https://endsexualexploitation.org/resources/press-resources/,endsexualexploitation.org
28099,https://nationalfairhousing.org/category/press-releases/,nationalfairhousing.org
32345,https://manhattan.institute/press-media,manhattan.institute
15975,https://www.ngfa.org/events-news/,ngfa.org
17628,https://news.smu.ca/news-stream,smu.ca
14726,https://news.chapman.edu/all-news/,chapman.edu
15110,https://www.hope.edu/news/?type=news-detail,hope.edu
35868,https://calvin.edu/news/all,calvin.edu
7961,https://geiselmed.dartmouth.edu/news/,dartmouth.edu
9225,https://poll.qu.edu/poll-results/,qu.edu
10146,https://news.okstate.edu/colleges/center-for-health-sciences/list,okstate.edu
33334,https://www.med.wisc.edu/news/,wisc.edu
19029,https://www.swamedia.com/news-and-stories/news-releases,swamedia.com
18607,https://news.ppg.com/press-releases/default.aspx,ppg.com
37190,https://oceantic.org/press-releases/,oceantic.org
7005,https://www.centerpointenergy.com/en-us/corporate/about-us/news/#Default={%22k%22%3A%22%22%2C%22r%22%3A[{%22n%22%3A%22owstaxIdCNPx0020Newsx0020Hierarchy%22%2C%22t%22%3A[%22\%22%C7%82%C7%824c307c233039316638656162392d323438642d343731382d626566392,centerpointenergy.com
19127,https://www.unisys.com/investor-relations/,unisys.com
37667,https://finstad.house.gov/category/press-releases/,house.gov
7295,https://farmland.org/news?tab=press-releases#press-releases,farmland.org
35090,https://www.aasld.org/aasld-news,aasld.org
15705,https://www.mnhs.org/media,mnhs.org
25110,https://myhero.com/press,myhero.com
38815,https://laweconcenter.org/?s=&post_type=post&cat=82,laweconcenter.org
19617,https://jewishpublicaffairs.org/press-release,jewishpublicaffairs.org
13662,https://gbta.org/category/news-and-press-releases/,gbta.org
14112,https://www.ascap.com/press,ascap.com
16743,https://nationalpeanutboard.org/articles/category/news/,nationalpeanutboard.org
13790,https://www.nei.org/news/news-archive?type=press,nei.org
27311,https://www.doctorsforamerica.org/news,doctorsforamerica.org
13454,https://nfu.org/topics/press-releases/,nfu.org
21443,https://www.brewersassociation.org/news-archive/,brewersassociation.org
32776,https://www.iaslc.org/iaslc-news/press-releases-press-briefings,iaslc.org
24288,https://iida.org/press-room,iida.org
14049,https://wheatworld.org/press-releases/,wheatworld.org
7756,http://forsyth.org/news-events/news,forsyth.org
25070,https://www.hftp.org/news/news,hftp.org
38352,https://www.amsmusicology.org/news/,amsmusicology.org
23471,https://fsc.org/en/newscentre/general-news,fsc.org
35253,https://eji.org/news/,eji.org
17823,https://sdfu.org/category/news-releases/,sdfu.org
32486,https://www.iib.org/news/default.asp?id=7777,iib.org
13917,https://www.usarice.com/news-and-events/publications/usa-rice-daily,usarice.com
27870,https://www.rstreet.org/press/,rstreet.org
27077,https://www.fightforthefuture.org/news/,fightforthefuture.org
15977,https://sorghumgrowers.com/category/pressrelease/?,sorghumgrowers.com
40396,https://www.worldshipping.org/news,worldshipping.org
28137,https://www.migrationpolicy.org/about/newsroom,migrationpolicy.org
15755,https://naahl.org/news?tag=Statements+%2F+Releases+%2F+Letters,naahl.org
20509,https://www.paint.org/category/news/press-releases/,paint.org
33318,https://www.allianceforpeacebuilding.org/press-releases,allianceforpeacebuilding.org
22558,https://sugaralliance.org/category/press-releases,sugaralliance.org
13810,https://www.pma.org/news/,pma.org
27827,https://lalgbtcenter.org/press-releases/,lalgbtcenter.org
30036,https://canceradvocacy.org/news/,canceradvocacy.org
27808,https://massmep.org/blog/,massmep.org
25176,https://www.visitatlanticcity.com/articles/,visitatlanticcity.com
13783,https://www.natso.com/post/types/press-releases/,natso.com
29131,https://colorectalcancer.org/about-us/news-and-press?_page=1&keywords=&_limit=20&_order=desc&_sort=date,colorectalcancer.org
22141,https://iccfa.com/blog/category/press-releases/,iccfa.com
25530,https://cthosp.org/news-and-publications/press-releases/,cthosp.org
24759,https://www.iglta.org/articles/category/press-releases/62ff331cb8493973e566ba32/,iglta.org
20935,https://www.usdec.org/newsroom/news-releases,usdec.org
36751,https://thebreakthrough.org/press,thebreakthrough.org
13636,https://media.naifa.org/press-releases,naifa.org
31210,https://www.metrohealth.org/en/newsroom/,metrohealth.org
16815,https://www.poconomountains.com/articles/category/news-releases/559c49993c397d48c6fdf805/,poconomountains.com
23781,https://ncto.org/category/press-releases/,ncto.org
29603,https://nffc.net/resources/pressroom/,nffc.net
31463,https://members.affta.org/blog?_gl=1*5t360b*_ga*MTQzMzQ2ODIwMy4xNzUzMzYyNTEy*_ga_52GMG94V02*czE3NTMzNjI1MTEkbzEkZzAkdDE3NTMzNjI1MTckajU0JGwwJGgw,affta.org
22297,https://www.croptrust.org/news-events/news/,croptrust.org
27546,https://hpba.org/industrynews/,hpba.org
29505,https://sustainableagriculture.net/press/,sustainableagriculture.net
22680,https://www.iowaabi.org/news/press-releases/,iowaabi.org
22142,https://www.argentum.org/argentummedia/press-releases/,argentum.org
15688,https://www.arfb.com/news/category/press-releases/,arfb.com
23842,https://www.gcca.org/resources/news-and-media/?_categories=press-releases,gcca.org
37160,https://www.perc.org/types/news-releases/,perc.org
13358,https://www.audubon.org/menu/press-room,audubon.org
24459,https://gama.aero/news-and-events/press-releases/,gama.aero
17657,https://newsroom.woundedwarriorproject.org/news-releases,woundedwarriorproject.org
20226,https://www.childrensrights.org/news-voices?filterYear=0&filterType=9&filterFocusArea=0#latest,childrensrights.org
25102,https://www.agtegra.com/who-is-agtegra/news-events,agtegra.com
22995,https://waterlandlife.org/about-us/news-and-media-room/,waterlandlife.org
16824,https://www.nrcm.org/tag/news-release/,nrcm.org
39875,https://progresschamber.org/news/,progresschamber.org
31930,https://mofb.org/news/,mofb.org
13758,https://nppc.org/search/?_news_and_resource=press-releases,nppc.org
18489,https://www.akc.org/press-releases/,akc.org
38594,https://www.ceoworks.org/releases-and-statements,ceoworks.org
38499,https://ibio.org/category/ibio-news/,ibio.org
14981,https://jacl.org/statements,jacl.org
39896,https://www.asbestosdiseaseawareness.org/newsroom/press-releases/,asbestosdiseaseawareness.org
22559,https://www.fishwildlife.org/landing/press-releases,fishwildlife.org
23064,https://www.pacificenvironment.org/all-press-releases/,pacificenvironment.org
28658,https://www.aiaiowa.org/news/default.asp?id=7296,aiaiowa.org
19555,https://www.heifer.org/blog,heifer.org
33410,http://mennoniteusa.org/category/news/,mennoniteusa.org
15039,https://www.dean.edu/news-events/,dean.edu
15161,https://drew.edu/stories/,drew.edu
14797,https://www2.stetson.edu/today/category/latest-news/,stetson.edu
19166,https://www.wbu.edu/news-and-events/,wbu.edu
15524,https://www.bethanywv.edu/about/news/,bethanywv.edu
14883,https://news.cornellcollege.edu/index.html,cornellcollege.edu
14778,https://franklincollege.edu/news/,franklincollege.edu
17599,https://news.uwinnipeg.ca/news-archives/,uwinnipeg.ca
17363,https://www.bucks.ac.uk/news,bucks.ac.uk
17433,https://www.west-thames.ac.uk/news,west-thames.ac.uk
34587,https://lawschool.unm.edu/news/index.html,unm.edu
10287,https://www.fvsu.edu/news/,fvsu.edu
17804,https://www.westminster.ac.uk/news,westminster.ac.uk
15040,https://www.elms.edu/news/,elms.edu
15181,https://www.hilbert.edu/news,hilbert.edu
19187,https://www.loyno.edu/news-listing?news_type=36,loyno.edu
17585,https://www.kpu.ca/news,kpu.ca
17415,https://www.tmc.ac.uk/news/,tmc.ac.uk
14907,https://www.friends.edu/news/,friends.edu
40565,https://www.ipr.northwestern.edu/news/news-stories.html,northwestern.edu
17340,https://madisoncollege.edu/about/news,madisoncollege.edu
17506,http://www.gcd.ie/news/,gcd.ie
29091,https://inside.tru.ca/tag/media-release/,tru.ca
17457,https://news.lincoln.ac.uk/latest-news/,lincoln.ac.uk
17615,https://uwaterloo.ca/news/,uwaterloo.ca
17873,https://iconnect.atsu.edu/category/news/atsu-headlines,atsu.edu
20443,https://news.newmanu.edu/?_ga=2.46323682.479573758.1521348068-111634878.1521348068,newmanu.edu
15073,https://springfield.edu/news-archive,springfield.edu
27847,https://www.hks.harvard.edu/centers/carr/our-work/news-and-announcements,harvard.edu
19180,https://www.maryvillecollege.edu/news/,maryvillecollege.edu
16981,https://www.albanytech.edu/news,albanytech.edu
17344,https://www.ntc.edu/news,ntc.edu
19732,http://www.ln.edu.hk/news,ln.edu.hk
38881,https://english.spbu.ru/news-events,spbu.ru
25635,https://actonline.org/category/news/,actonline.org
14951,https://magazine.peabody.jhu.edu/peabody-post/,jhu.edu
10321,https://www.lsuagcenter.com/portals/communications/news/news_archive,lsuagcenter.com
22014,https://lima.osu.edu/news,osu.edu
10248,https://news.utm.edu/,utm.edu
8064,https://www.vet.upenn.edu/all-news/?filter%5Barticle_type%5D%5B%5D=penn-vet-news,upenn.edu
10002,https://www.everettcc.edu/news/,everettcc.edu
9213,https://news.sunybroome.edu/buzz/,sunybroome.edu
17189,https://www.sunydutchess.edu/about/facts/news/,sunydutchess.edu
10270,https://www.nacc.edu/news,nacc.edu
10171,https://www.ozarka.edu/campusnews.cfm,ozarka.edu
10351,https://www.worwic.edu/About-Wor-Wic/News-Events/News,worwic.edu
30620,https://globalhealth.harvard.edu/stories-archive/,harvard.edu
17192,https://www.rit.edu/ntid/news,rit.edu
21926,https://www.landmark.edu/about/news,landmark.edu
26674,https://www.ksbe.edu/news,ksbe.edu
14767,https://www.otis.edu/about/otis-now/news/index.html,otis.edu
7570,https://salve.edu/news/news-listing,salve.edu
14885,https://www.dordt.edu/news,dordt.edu
25128,https://www.roseman.edu/student-experience/news/,roseman.edu
32374,https://environment.princeton.edu/news/,princeton.edu
14754,https://news.agnesscott.org/category/press-releases/,agnesscott.org
14898,https://anderson.edu/2026/,anderson.edu
15496,https://www.bluefield.edu/news-events/,bluefield.edu
15169,https://www.canisius.edu/news,canisius.edu
20399,https://www.captechu.edu/news-events,captechu.edu
15084,https://www.carleton.edu/news/stories/category/research/,carleton.edu
20400,https://www.carlow.edu/category/blog/,carlow.edu
15449,https://www.cbu.edu/news/,cbu.edu
35409,https://www.claflin.edu//news-events/news,claflin.edu
20434,https://www.cgu.edu/news/,cgu.edu
15127,https://culver.edu/news/,culver.edu
15176,https://www.elmira.edu/news,elmira.edu
15162,http://georgian.edu/marketing/newsroom/,georgian.edu
24887,https://ggu.edu/newsroom-all/,ggu.edu
15500,https://www.hsc.edu/news-index,hsc.edu
15184,https://www.houghton.edu/news/,houghton.edu
20440,https://ndm.edu/news-events/news/,ndm.edu
15264,https://www.oberlin.edu/news,oberlin.edu
7985,https://ptsem.edu/about/the-quad/news/,ptsem.edu
19036,https://www.francis.edu/blog,francis.edu
14911,https://www.smwc.edu/category/news/,smwc.edu
38875,https://www.samuelmerritt.edu/news/all,samuelmerritt.edu
15510,https://www.sbc.edu/news-events/latest-news/,sbc.edu
14786,https://tabor.edu/news/,tabor.edu
15483,https://trinity.edu/news/trinity-university,trinity.edu
15213,https://www.union.edu/news/stories/all#,union.edu
14822,https://utf.edu/about/news-updates/,utf.edu
15215,https://www.utica.edu/news-events/news,utica.edu
28481,https://www.steu.edu/news,steu.edu
13686,https://www.alfredstate.edu/news,alfredstate.edu
7843,https://news.byu.edu/intellect,byu.edu
7771,https://news.byuh.edu/,byuh.edu
15063,https://www.mcphs.edu/news/news-listing-page#sortCriteria=%40mcphs_articledate%20descending,mcphs.edu
20564,https://www.smumn.edu/newsroom/university-news/,smumn.edu
20570,https://www.tnwesleyan.edu/news/index.php,tnwesleyan.edu
27959,https://law.tulane.edu/news-listings,tulane.edu
40726,https://www.ohioattorneygeneral.gov/Media,ohioattorneygeneral.gov
14906,https://www.benedictine.edu/press-room/news/index,benedictine.edu
14755,https://www.berry.edu/articles/berry-news,berry.edu
15448,https://www.bryan.edu/posts/,bryan.edu
15308,https://www.centralpenn.edu/category/news/,centralpenn.edu
16768,https://www.pulse.chatham.edu/blog-announcements,chatham.edu
15155,https://www.colby-sawyer.edu/community/news,colby-sawyer.edu
14758,https://www.ccu.edu/news/,ccu.edu
14842,https://www.cuchicago.edu/news/,cuchicago.edu
20444,https://www.edgewood.edu/news/,edgewood.edu
13717,https://www.grinnell.edu/news-list,grinnell.edu
4811,http://kirkwoodonlinenews.org/latest-news/,kirkwoodonlinenews.org
20647,https://www.meredith.edu/recent-news/,meredith.edu
14533,https://news.msutexas.edu/,msutexas.edu
33416,https://www.millsaps.edu/news/,millsaps.edu
25267,https://www.miad.edu/newsroom,miad.edu
10194,https://news.missouristate.edu/category/headlines/,missouristate.edu
17085,https://blogs.newschool.edu/pressroom/,newschool.edu
8018,https://news.nmu.edu/articles,nmu.edu
25239,https://nnmc.edu/newsroom/listing.html?search_phrase=&categories=Press+Releases,nnmc.edu
38520,https://www.northernvermont.edu/category/news-center/,northernvermont.edu
10370,https://www.plymouth.edu/news,plymouth.edu
15237,https://www.queens.edu/blog/category/news/,queens.edu
30843,https://www.shorter.edu/news/,shorter.edu
27829,https://www.siena.edu/news/,siena.edu
9856,https://www.smsu.edu/today/articles/index.html,smsu.edu
15163,https://www.sjc.edu/news/search/topic/8814/Press%20Releases,sjc.edu
38486,https://stephens.edu/news/,stephens.edu
14749,https://www.bridgeport.edu/news/,bridgeport.edu
15527,https://www.ucwv.edu/news/,ucwv.edu
14515,https://www.una.edu/pressroom/,una.edu
10400,https://vermontstate.edu/news/,vermontstate.edu
10100,https://www.wnc.edu/news,wnc.edu
7929,https://wheeling.edu/category/wu-news/,wheeling.edu
15121,https://www.wmcarey.edu/news/,wmcarey.edu
19188,https://www.xula.edu/news//index.html,xula.edu
14823,https://www.yhc.edu/about/news-media/press-room,yhc.edu
24896,https://nyuad.nyu.edu/en/news/press-room/press-releases.html,nyu.edu
9337,https://suny.oneonta.edu/news-events,oneonta.edu
9333,https://www.morrisville.edu/news,morrisville.edu
24738,https://www.uc.edu/news/colleges/blueash.html,uc.edu
20623,http://www.hawaii.edu/news/tag/uh-west-oahu/,hawaii.edu
9984,https://www.uwb.edu/news/all-news,uwb.edu
10232,http://www.uwosh.edu/today/campus-news/,uwosh.edu
10240,https://www.uwsp.edu/news/?_news_category=news-releases,uwsp.edu
8039,https://www.wvup.edu/news_events/news/,wvup.edu
8038,https://www.potomacstatecollege.edu/news,potomacstatecollege.edu
31919,https://www.cals.iastate.edu/news,iastate.edu
31920,https://news.engineering.iastate.edu/category/coe-news/,iastate.edu
34973,https://www.canr.msu.edu/academics/news,msu.edu
36029,https://www.caes.uga.edu/news-events/news.html,uga.edu
40723,https://www.usf.edu/health/news/index.aspx?category=Morsani%20College%20of%20Medicine&year=all,usf.edu
38920,https://utulsa.edu/archive/arts-sciences/,utulsa.edu
38913,https://utulsa.edu/archive/engineering-computer-science/,utulsa.edu
38519,https://utulsa.edu/archive/law/,utulsa.edu
38558,https://utulsa.edu/archive/business/,utulsa.edu
33674,http://circle.tufts.edu/latest-research,tufts.edu
37263,https://health.wvu.edu/News?category=SchoolofNursing&secondaryCategory=,wvu.edu
38865,https://qbi.uq.edu.au/news,uq.edu.au
17704,https://www.vcc.ca/about/college-information/news/,vcc.ca
39080,https://www.acem.sjtu.edu.cn/en/news_center/news.html,sjtu.edu.cn
13157,https://www.cbre.com/about-us/newsroom#press-releases,cbre.com
32730,https://www.nixonpeabody.com/about/media,nixonpeabody.com
31512,https://tonkon.com/articles/news/?_article_type=news,tonkon.com
32313,https://www.forvis.com/about-us/news-releases,forvis.com
21078,https://www.bechtel.com/newsroom/press-releases/,bechtel.com
39907,https://news.booking.com/?h=1&t=news,booking.com
40628,https://www.anduril.com/news,anduril.com
40395,https://www.cornerstone.com/insights/?keyword=&asset%5B%5D=press-release&order=#listing-section-block,cornerstone.com
19867,https://www.gulfstreamnews.com/en/news/,gulfstreamnews.com
25178,https://norfolksouthern.com/en/newsroom/news-releases,norfolksouthern.com
13181,https://www.omnihotels.com/media-center,omnihotels.com
32137,https://www.benesch.com/news-insights/,benesch.com
30849,https://www.nutter.com/trending-newsroom-news,nutter.com
18518,https://www.ogilvy.com/ideas,ogilvy.com
37989,https://www.stblaw.com/about-us/news?newsType=e4c9c90e-743d-6a02-aaf8-ff0000765f2c,stblaw.com
15472,https://www.sbpdiscovery.org/press-releases,sbpdiscovery.org
37446,https://ausnewsroom.aus.com/news,aus.com
35239,https://hl.com/about-us/newsroom/,hl.com
40620,https://www.ictsi.com/news-and-media,ictsi.com
39627,https://global.lockton.com/us/en/news-insights,lockton.com
25896,https://www.massmutual.com/about-us/news-and-press-releases,massmutual.com
25919,https://www.mutualofomaha.com/about/newsroom/news-releases?resourceType=post#/,mutualofomaha.com
30009,https://newsroom.corewellhealth.org/news-releases,corewellhealth.org
17952,https://www.adventinternational.com/news/?_sft_news_type_tax=press-release,adventinternational.com
15209,https://stac.edu/news/,stac.edu
7002,https://www.aps.com/en/About/Our-Company/Newsroom,aps.com
39587,https://www.axiomspace.com/newsroom,axiomspace.com
31667,https://firstmid.q4ir.com/news/default.aspx,q4ir.com
19916,https://www.inovanewsroom.org/category/press-release/,inovanewsroom.org
39424,https://www.jw.com/news/?category=Attorney+News&office=x&practice=x&article-content=,jw.com
27273,https://www.battelle.org/insights/newsroom/press-releases,battelle.org
13246,https://www.swepco.com/company/news/,swepco.com
25677,https://newsroom.amfam.com/?h=1&all=1,amfam.com
17896,https://www.deloitte.com/global/en/about/press-room.html,deloitte.com
20035,https://news.ibx.com/category/press-release/,ibx.com
35369,https://coloradoea.org/news-updates/,coloradoea.org
13432,https://educationminnesota.org/news/media-resources/,educationminnesota.org
35447,https://www.cisecurity.org/about-us/media/press-release,cisecurity.org
15554,https://www.iwp.edu/category/press-releases/,iwp.edu
7012,https://www.exeloncorp.com/newsroom,exeloncorp.com
29684,https://www.icemiller.com/news?search%5Bpost_type%5D=news-item&search%5Bnews_item_type%5D=3,icemiller.com
20721,https://www.weathercompany.com/news/,weathercompany.com
40037,https://www.stout.com/en/news,stout.com
20705,https://www.unitedhealthgroup.com/newsroom/press-releases.html,unitedhealthgroup.com
18008,https://www.news.xerox.com/news,xerox.com
13310,https://www.pse.com/en/press-release#sort=%40releasedate%20descending,pse.com
34416,https://www.buzzfeed.com/buzzfeedpress,buzzfeed.com
23282,https://www.shrinerschildrens.org/en/news-and-media/news?listPage=1,shrinerschildrens.org
37515,https://senatemajority.com/news/,senatemajority.com
37329,https://progressmichigan.org/press-release/,progressmichigan.org
21116,https://www.scoutingnewsroom.org/press-releases/,scoutingnewsroom.org
19997,https://www.salvationarmy.org/news,salvationarmy.org
28641,https://www.flchamber.com/news/,flchamber.com
22064,https://votevets.org/category/press-releases,votevets.org
18962,https://gastro.org/news/,gastro.org
14989,https://www.tobaccofreekids.org/news-updates,tobaccofreekids.org
14479,https://www.ipaa.org/press-releases/,ipaa.org
29031,https://humaneaction.org/press-releases,humaneaction.org
15404,https://www.thirdway.org/press,thirdway.org
40641,https://agudah.org/#News,agudah.org
14379,https://www.elfaonline.org/newsroom,elfaonline.org
20489,https://atra.org/category/press-releases/,atra.org
28721,https://republicanags.com/news/,republicanags.com
39916,https://www.ifs.org/category-type/press-releases/,ifs.org
14871,https://www.rush.edu/news/search?tag=4886,rush.edu
24753,https://www.uchicagomedicine.org/about-us/media-newsroom,uchicagomedicine.org
8099,https://www.kumc.edu/school-of-medicine/campuses/wichita/about/news/news-archive.html,kumc.edu
17089,https://www.american.edu/soc/news/?page=1,american.edu
8128,https://candler.emory.edu/about-candler/news/,emory.edu
31828,https://www.law.gwu.edu/news-stories?field_gw_article_date_time_value=&views_month_filter_article_date_time=&field_gw_article_type_target_id=4,gwu.edu
38797,https://www.gse.harvard.edu/ideas/news,harvard.edu
31185,https://mednews.hofstra.edu/,hofstra.edu
32031,https://www.stern.nyu.edu/experience-stern/news/school-news,nyu.edu
7936,https://newsroom.haas.berkeley.edu/browse-all/,berkeley.edu
